[    2354ms] [WARNING] [GPT] PubAdsService.setTargeting is deprecated, use googletag.setConfig({targeting: ...}) instead.
https://goo.gle/gpt-message#170 @ https://securepubads.g.doubleclick.net/pagead/managed/js/gpt/m202608270101/pubads_impl.js?cb=122880760:18
[    3604ms] [ERROR] Failed to load resource: the server responded with a status of 402 () @ https://dzone.com/articles/enterprise-architecture-in-ai:2727
[    3605ms] [ERROR] Could not get ta_6s_data data: Error: Request failed:  @ https://dzone.com/articles/enterprise-architecture-in-ai:2746
[    3665ms] [INFO] [consentManager] initialized — bootstrapping on page load @ :12
[    4335ms] [LOG] uspData set usp out of jurisiction value @ https://cmp.inmobi.com/tcfv2/cmp2.js?referer=dzone.com:1
[    4336ms] [WARNING] Google basic consent is not applicable. @ https://i6byw9zmz4ncxhhkb.ay.delivery/client-v2.js:6
[    4361ms] [WARNING] Regulation is not applicable, hence visit event is not sent. @ https://i6byw9zmz4ncxhhkb.ay.delivery/client-v2.js:6
[    4362ms] [LOG] Regulation is not applicable, but make signalStatus as ready. @ https://cmp.inmobi.com/tcfv2/cmp2.js?referer=dzone.com:1
[    4366ms] [INFO] [consentManager] emit consent_granted_marketing {allow: true, reason: allowed, source: usp} @ :10
[    4367ms] [INFO] [consentManager] emit consent_granted_analytics {allow: true, reason: allowed, source: usp} @ :10
[    5400ms] [WARNING] [GPT] Slot.updateTargetingFromMap is deprecated, use Slot.setConfig({targeting: ...}) instead.
https://goo.gle/gpt-message#171 @ https://i6byw9zmz4ncxhhkb.ay.delivery/client-v2.js:6
[    5815ms] [ERROR] Failed to load resource: net::ERR_FAILED @ chrome-extension://invalid/:0
[    6097ms] [ERROR] Failed to load resource: the server responded with a status of 402 () @ https://epsilon.6sense.com/v3/company/details:0
[    6482ms] [WARNING] [Meta Pixel] - Multiple pixels with conflicting versions were detected on this page. @ https://i6byw9zmz4ncxhhkb.ay.delivery/client-v2.js:6
[    6937ms] [ERROR] Failed to load resource: the server responded with a status of 404 (Not Found) @ https://b1sync.zemanta.com/usersync/ogury/?gdpr=0&gdpr_consent=&cb=https%3A%2F%2Fms-cookie-sync.presage.io%2Fuser-sync%3Foutbrain_id%3D__ZUID__:0
[    7355ms] [ERROR] Failed to load resource: the server responded with a status of 422 () @ https://match.sharethrough.com/FGMrCMMc/v1?gdpr=&gdpr_consent=&us_privacy=&gpp=&gpp_sid=&redirectUri=https%3A%2F%2Fpbs-eu-central.ay.delivery%2Fsetuid%3Fbidder%3Dsharethrough%26gdpr%3D%26gdpr_consent%3D%26gpp%3D%26gpp_sid%3D%26f%3Di%26uid%3D%24UID:0
[    7757ms] [ERROR] Failed to load resource: the server responded with a status of 403 () @ https://c1.adform.net/serving/cookie/match?party=29&gpp=DBAA&gpp_sid=2:0
[    8019ms] [ERROR] Failed to load resource: the server responded with a status of 400 () @ https://match.prod.bidr.io/cookie-sync/gum:0
[    8375ms] [DIR] SyntaxError @ https://js.ad-score.com/score.min.js?pid=1000940&tt=g:1
[    6937ms] [ERROR] Failed to load resource: the server responded with a status of 404 (Not Found) @ https://b1sync.zemanta.com/usersync/ogury/?gdpr=0&gdpr_consent=&cb=https%3A%2F%2Fms-cookie-sync.presage.io%2Fuser-sync%3Foutbrain_id%3D__ZUID__:0
[    8697ms] [ERROR] Failed to load resource: the server responded with a status of 500 () @ https://usersync.gumgum.com/usersync?b=lpm&i=d4677491-7937-44cd-bdcc-b4aa3b8f3f96&gpp_sid=null&gdpr_consent=null&gpp=null&gdpr=null:0
[    9178ms] [DIR] SyntaxError @ https://js.ad-score.com/score.min.js?pid=1000943&tt=g:1
[    9256ms] [DIR] SyntaxError @ https://js.ad-score.com/score.min.js?pid=1000943&tt=g:1
[    9325ms] [DIR] SyntaxError @ https://js.ad-score.com/score.min.js?pid=1000943&tt=g:1
[    7757ms] [ERROR] Failed to load resource: the server responded with a status of 403 () @ https://c1.adform.net/serving/cookie/match?party=29&gpp=DBAA&gpp_sid=2:0
[    9561ms] [ERROR] Failed to load resource: the server responded with a status of 404 () @ https://secure.adnxs.com/[RED]:0
[    9843ms] [ERROR] Failed to load resource: the server responded with a status of 404 () @ https://cs-server-s2s.yellowblue.io/[RED]:0
[   10154ms] [ERROR] Failed to load resource: net::ERR_CERT_DATE_INVALID @ https://visitor.omnitagjs.com/visitor/bsync?uid=627080440e659fbe0f85333c665ae1de&name=SMARTADSERVER&url=https%3A%2F%2Frtb-csync.smartadserver.com%2Fredir%2F%3Fissi%3D1%26partnerid%3D117%26partneruserid%3DPARTNER_USER_ID%26gdpr%3DGDPR%26gdpr_consent%3DGDPR_CONSENT&gdpr=0&gdpr_consent=:0
[   10154ms] [ERROR] Failed to load resource: net::ERR_CERT_DATE_INVALID @ https://visitor.omnitagjs.com/visitor/bsync?uid=627080440e659fbe0f85333c665ae1de&name=SMARTADSERVER&url=https%3A%2F%2Frtb-csync.smartadserver.com%2Fredir%2F%3Fissi%3D1%26partnerid%3D117%26partneruserid%3DPARTNER_USER_ID%26gdpr%3DGDPR%26gdpr_consent%3DGDPR_CONSENT:0
[   10657ms] [ERROR] Failed to load resource: the server responded with a status of 404 () @ https://id5-sync.com/k/264.gif?puid=8abe3e0c-2b54-4fdd-8244-322ac1e9c236&ttl=%%TTL%%:0
[   10700ms] [ERROR] Failed to load resource: net::ERR_CERT_DATE_INVALID @ https://visitor-pgammedia.omnitagjs.com/visitor/bsync?uid=d2a7f826c98dbe023b91f15d637b3045&name=pgammedia&url=[RED]?visitor=15eaad58-4731-4774-b4e0-cbf88497b4ec:0
[   11687ms] [ERROR] Failed to load resource: net::ERR_HTTP2_SERVER_REFUSED_STREAM @ https://cs.admanmedia.com/e09bad714a425a93d6dea503dcf9c528.gif?redir=https%3A%2F%2Frtb-csync.smartadserver.com%2Fredir%2F%3Fissi%3D1%26partnerid%3D130%26partneruserid%3D%5BUID%5D%26gdpr%3D%5BGDPR%5D%26gdpr_consent%3D%5BGDPR_CONSENT%5D:0
[    8019ms] [ERROR] Failed to load resource: the server responded with a status of 400 () @ https://match.prod.bidr.io/cookie-sync/gum:0
[    8697ms] [ERROR] Failed to load resource: the server responded with a status of 500 () @ https://usersync.gumgum.com/usersync?b=lpm&i=d4677491-7937-44cd-bdcc-b4aa3b8f3f96&gpp_sid=null&gdpr_consent=null&gpp=null&gdpr=null:0
[   12879ms] [ERROR] Failed to load resource: the server responded with a status of 404 (Not Found) @ https://cs.pgammedia.com/pserver?gdpr=&gdpr_consent=&us_privacy=&gpp=&gpp_sid=&redir=https%3A%2F%2Fpbs-eu-central.ay.delivery%2Fsetuid%3Fbidder%3Dpgamssp%26gdpr%3D%26gdpr_consent%3D%26gpp%3D%26gpp_sid%3D%26f%3Di%26uid%3D%5BUID%5D:0
[   14876ms] [ERROR] Failed to load resource: net::ERR_TOO_MANY_REDIRECTS @ https://match.sharethrough.com/universal/v1?supply_id=Tbdft1Ow:0
[   15823ms] [ERROR] Failed to load resource: net::ERR_TOO_MANY_REDIRECTS @ https://uipglob.semasio.net/id5/1/get?gdpr=0&gdpr_consent=&_url=https%3A%2F%2Fid5-sync.com%2Fc%2F102%2F112%2F0%2F10.gif%3Fpuid%3D%24%7BUIPID%7D%26gdpr%3D0%26gdpr_consent%3D:0
[   16604ms] [ERROR] Failed to load resource: net::ERR_TOO_MANY_REDIRECTS @ https://cs.pgammedia.com/bf4103da5f0fb6ae0166419ea1a784aa.gif?gdpr=$$[GDPR]&gdpr_consent=$$[GDPR_CONSENT]&us_privacy=$[CCPA]&uid=$15eaad58-4731-4774-b4e0-cbf88497b4ec&cookie_age=$[COOKIE_AGE]:0
[   21671ms] [ERROR] Failed to load resource: net::ERR_CONNECTION_CLOSED @ https://dps.jp.cinarra.com/pxd?PLATFORM_ID=1&USER_ID=3c7d46f1-8f91-8c67-e995-21fb39785c4f:0
[   22341ms] [ERROR] Failed to load resource: net::ERR_CONNECTION_CLOSED @ https://match.rundsp.com/redirect?ex=openx:0
[   23268ms] [ERROR] Failed to load resource: net::ERR_CONNECTION_CLOSED @ https://cs.iqzone.com/570908b7e92df631fee32098aa272f7b.gif?puid=MSsg%2BGqYrAcm23xxWXoOsA%3D%3D&gdpr=&gdpr_consent=&ccpa=&coppa=&redir=https%3A%2F%2Fssc-cms.33across.com%2Fps%2F%3Fxi%3D145%26ts%3D1788390408351.6%26us_privacy%3D%26xu%3D%5BUID%5D%26gpp_sid%3D%26gpp%3D:0
[   23862ms] [ERROR] Failed to load resource: net::ERR_CONNECTION_CLOSED @ https://visitor-gen01.omnitagjs.com/visitor/bsync?uid=1734c591f833934e7440c7bc3457e7b4&name=gen01&gdpr=[GDPR]d&gdpr_consent=[GDPR_CONSENT]&url=https%3A%2F%2Fcs.admanmedia.com%2F9fac3810ed48832976220228d6624bf0.gif%3Fpuid%3D47dc2531-b840-4eae-a6c3-dfc25050a757%26redir%3D%5BRED%5D%26gdpr%3D[GDPR]d%26gdpr_consent%3D[GDPR_CONSENT]%26ccpa%3D[CCPA]%26coppa%3D[COPPA]%0A:0
[   37416ms] [ERROR] Access to fetch at 'https://us-east.pgammedia.com/pbjs' from origin 'https://dzone.com' has been blocked by CORS policy: No 'Access-Control-Allow-Origin' header is present on the requested resource. @ https://dzone.com/articles/enterprise-architecture-in-ai:0
[   37416ms] [ERROR] Failed to load resource: net::ERR_FAILED @ https://us-east.pgammedia.com/pbjs:0
[   37902ms] [ERROR] Failed to load resource: net::ERR_TIMED_OUT @ https://t.adx.opera.com/pub/sync?pubid=pub9858090441216&gdpr=0&consent=:0
[   37985ms] [ERROR] Failed to load resource: net::ERR_TIMED_OUT @ https://t.adx.opera.com/pub/sync?pubid=pub9322105895424:0
[   38715ms] [ERROR] Failed to load resource: net::ERR_TIMED_OUT @ https://ads.stickyadstv.com/user-matching?id=3664&gdpr=[GDPR]&gdpr_consent=[GDPR_CONSENT]&ccpa=[CCPA]&coppa=0&redirectId=https%3A%2F%2Fcs.pgammedia.com%2Fb538ab39d27ff2bec69a976f169e6e81.gif%3Fpuid%3D%7BviewerId%7D%26gdpr%3D%5BGDPR%5D%26gdpr_consent:0
[    6937ms] [ERROR] Failed to load resource: the server responded with a status of 404 (Not Found) @ https://b1sync.zemanta.com/usersync/ogury/?gdpr=0&gdpr_consent=&cb=https%3A%2F%2Fms-cookie-sync.presage.io%2Fuser-sync%3Foutbrain_id%3D__ZUID__:0
[   37902ms] [ERROR] Failed to load resource: net::ERR_TIMED_OUT @ https://t.adx.opera.com/pub/sync?pubid=pub9858090441216&gdpr=0&consent=:0
[    7757ms] [ERROR] Failed to load resource: the server responded with a status of 403 () @ https://c1.adform.net/serving/cookie/match?party=29&gpp=DBAA&gpp_sid=2:0
[    7757ms] [ERROR] Failed to load resource: the server responded with a status of 403 () @ https://c1.adform.net/serving/cookie/match?party=29&gpp=DBAA&gpp_sid=2:0
[   39116ms] [ERROR] Failed to load resource: net::ERR_TIMED_OUT @ https://cookie.com/setuid?uid=$15eaad58-4731-4774-b4e0-cbf88497b4ec:0
[    7757ms] [ERROR] Failed to load resource: the server responded with a status of 403 () @ https://c1.adform.net/serving/cookie/match?party=29&gpp=DBAA&gpp_sid=2:0
[   39224ms] [ERROR] Refused to execute script from 'https://metrics.getrockerbox.com/track/v5?source=semrush&tier_one=dv360&tier_two=${INSERTION_ORDER_ID}&tier_three=${CAMPAIGN_ID}&tier_four=${CREATIVE_ID}&auction_id=${CACHEBUSTER}&referrer=${SOURCE_URL}' because its MIME type ('image/gif') is not executable. @ https://dzone.com/articles/enterprise-architecture-in-ai:0
[   39360ms] [ERROR] Failed to load resource: the server responded with a status of 403 () @ https://c1.adform.net/serving/cookie/match?party=29&gpp=DBAA&gpp_sid=2:0
[   39476ms] [DIR] SyntaxError @ https://js.ad-score.com/score.min.js?pid=1000940&tt=g:1
[   39511ms] [ERROR] Failed to load resource: net::ERR_TIMED_OUT @ https://t.adx.opera.com/pub/sync?pubid=pub10256699365696&userId=apisAhdaREUAGxdYAAoIuAAA%265378&gdpr=&us_privacy=&gdpr_consent=&gpp=&gpp_sid=:0
[   39550ms] [ERROR] Refused to execute script from 'https://metrics.getrockerbox.com/track/v5?source=semrush&tier_one=dv360&tier_two=${INSERTION_ORDER_ID}&tier_three=${CAMPAIGN_ID}&tier_four=${CREATIVE_ID}&auction_id=${CACHEBUSTER}&referrer=${SOURCE_URL}' because its MIME type ('image/gif') is not executable. @ https://dzone.com/articles/enterprise-architecture-in-ai:0
[   39558ms] [ERROR] Failed to load resource: the server responded with a status of 403 () @ https://c1.adform.net/serving/cookie/match?party=29&gpp=DBAA&gpp_sid=2:0
[   39789ms] [ERROR] Failed to load resource: net::ERR_TIMED_OUT @ https://t.adx.opera.com/pub/sync?pubid=pub10682794419520&us_privacy=:0
[   39790ms] [ERROR] Failed to load resource: the server responded with a status of 403 () @ https://c1.adform.net/serving/cookie/match?party=29&gpp=DBAA&gpp_sid=2:0
[   40926ms] [ERROR] Failed to load resource: net::ERR_TIMED_OUT @ https://ads.yieldmo.com/pbsync?is=adptmx&gdpr=0&gdpr_consent=%5BGDPR_CONSENT%5D&redirectUri=https%3A%2F%2Fsea1-sync.a-mo.net%2Fsetuid%3Fbidder%3Dyieldmo%26A%3Deb669645-3ae3-4354-8d8d-23235cb26eb6%26uid%3D%24UID:0
[   41163ms] [ERROR] Failed to load resource: net::ERR_TIMED_OUT @ https://ads.yieldmo.com/pbsync?is=adptmx&gdpr=0&us_privacy=1---&redirectUri=https%3A%2F%2Fsea1-sync.a-mo.net%2Fcchain%2F4%2F39403%3Fgdpr%3D0%26A%3Deb669645-3ae3-4354-8d8d-23235cb26eb6%26bidder%3Dyieldmo%26cbx%3DaHR0cHM6Ly9jcy5wZ2FtbWVkaWEuY29tLzI4YTYyM2E0ODQ0NzFhMzUxMmFmZGEwYTE3MmNhZTI1LmdpZj9wdWlkPVtVSURdJnJlZGlyPVtSRURdJmdkcHI9W0dEUFJdJmdkcHJfY29uc2VudD1bR0RQUl9DT05TRU5UXSZjb3BwYT0wJmdwcD1bR1BQXSZncHBfc2lkPVtHUFBfU0lEXQ%253D%253D%26uid%3D%24UID:0
[   41263ms] [ERROR] Failed to load resource: net::ERR_TIMED_OUT @ https://ads.yieldmo.com/pbsync?is=adptmx&gdpr=0&us_privacy=1---&redirectUri=https%3A%2F%2Fsea1-sync.a-mo.net%2Fcchain%2F4%2F22964%3Fgdpr%3D0%26A%3Deb669645-3ae3-4354-8d8d-23235cb26eb6%26bidder%3Dyieldmo%26cbx%3DaHR0cHM6Ly9jcy5wZ2FtbWVkaWEuY29tLzI4YTYyM2E0ODQ0NzFhMzUxMmFmZGEwYTE3MmNhZTI1LmdpZj9wdWlkPVtVSURdJnJlZGlyPVtSRURdJmdkcHI9W0dEUFJdJmdkcHJfY29uc2VudD1bR0RQUl9DT05TRU5UXSZjb3BwYT0wJmdwcD1bR1BQXSZncHBfc2lkPVtHUFBfU0lEXQ%253D%253D%26uid%3D%24UID:0
[   41313ms] [ERROR] Failed to load resource: net::ERR_TIMED_OUT @ https://ads.yieldmo.com/pbsync?is=adptmx&gdpr=0&us_privacy=1---&redirectUri=https%3A%2F%2Fsea1-sync.a-mo.net%2Fcchain%2F4%2F22964%3Fgdpr%3D0%26A%3Deb669645-3ae3-4354-8d8d-23235cb26eb6%26bidder%3Dyieldmo%26cbx%3DaHR0cHM6Ly9jcy5wZ2FtbWVkaWEuY29tLzI4YTYyM2E0ODQ0NzFhMzUxMmFmZGEwYTE3MmNhZTI1LmdpZj9wdWlkPVtVSURdJnJlZGlyPVtSRURdJmdkcHI9W0dEUFJdJmdkcHJfY29uc2VudD1bR0RQUl9DT05TRU5UXSZjb3BwYT0wJmdwcD1bR1BQXSZncHBfc2lkPVtHUFBfU0lEXQ%253D%253D%26uid%3D%24UID:0
[    8019ms] [ERROR] Failed to load resource: the server responded with a status of 400 () @ https://match.prod.bidr.io/cookie-sync/gum:0
[    8697ms] [ERROR] Failed to load resource: the server responded with a status of 500 () @ https://usersync.gumgum.com/usersync?b=lpm&i=d4677491-7937-44cd-bdcc-b4aa3b8f3f96&gpp_sid=null&gdpr_consent=null&gpp=null&gdpr=null:0
[   50860ms] [ERROR] Failed to load resource: net::ERR_CONNECTION_CLOSED @ https://cs.lkqd.net/cs?partnerId=59&redirect=https%3A%2F%2Fcm.g.doubleclick.net%2Fpixel%3Fgoogle_nid%3Dlkqd_dbm%26google_hm%3D%24%24rawlkqduserid%7Cbase64%24%24:0
[   51001ms] [ERROR] Failed to load resource: net::ERR_CONNECTION_CLOSED @ https://cs.lkqd.net/cs?partnerId=59&partnerUserId=CAESEBnipAqB64EwmfPMSdVGAoA&gpp=DBAA&gpp_sid=2&google_cver=1:0
[   63035ms] [ERROR] Failed to load resource: net::ERR_CONNECTION_CLOSED @ https://cs.lkqd.net/cs?partnerId=59&redirect=https%3A%2F%2Fcm.g.doubleclick.net%2Fpixel%3Fgoogle_nid%3Dlkqd_dbm%26google_hm%3D%24%24rawlkqduserid%7Cbase64%24%24:0
[   63185ms] [ERROR] Failed to load resource: net::ERR_CONNECTION_CLOSED @ https://cs.lkqd.net/cs?partnerId=59&partnerUserId=CAESEBnipAqB64EwmfPMSdVGAoA&gpp=DBAA&gpp_sid=2&google_cver=1:0
[   67613ms] [ERROR] Access to fetch at 'https://us-east.pgammedia.com/pbjs' from origin 'https://dzone.com' has been blocked by CORS policy: No 'Access-Control-Allow-Origin' header is present on the requested resource. @ https://dzone.com/articles/enterprise-architecture-in-ai:0
[   67613ms] [ERROR] Failed to load resource: net::ERR_FAILED @ https://us-east.pgammedia.com/pbjs:0
[   67908ms] [ERROR] Failed to load resource: net::ERR_TIMED_OUT @ https://t.adx.opera.com/pub/sync?pubid=pub10256699365696&userId=apisAhdaREUAGxdYAAoIuAAA%265378&gdpr=&us_privacy=&gdpr_consent=&gpp=DBAA&gpp_sid=2:0
[   50860ms] [ERROR] Failed to load resource: net::ERR_CONNECTION_CLOSED @ https://cs.lkqd.net/cs?partnerId=59&redirect=https%3A%2F%2Fcm.g.doubleclick.net%2Fpixel%3Fgoogle_nid%3Dlkqd_dbm%26google_hm%3D%24%24rawlkqduserid%7Cbase64%24%24:0
[   51001ms] [ERROR] Failed to load resource: net::ERR_CONNECTION_CLOSED @ https://cs.lkqd.net/cs?partnerId=59&partnerUserId=CAESEBnipAqB64EwmfPMSdVGAoA&gpp=DBAA&gpp_sid=2&google_cver=1:0
[   63035ms] [ERROR] Failed to load resource: net::ERR_CONNECTION_CLOSED @ https://cs.lkqd.net/cs?partnerId=59&redirect=https%3A%2F%2Fcm.g.doubleclick.net%2Fpixel%3Fgoogle_nid%3Dlkqd_dbm%26google_hm%3D%24%24rawlkqduserid%7Cbase64%24%24:0
[   63185ms] [ERROR] Failed to load resource: net::ERR_CONNECTION_CLOSED @ https://cs.lkqd.net/cs?partnerId=59&partnerUserId=CAESEBnipAqB64EwmfPMSdVGAoA&gpp=DBAA&gpp_sid=2&google_cver=1:0
[   50860ms] [ERROR] Failed to load resource: net::ERR_CONNECTION_CLOSED @ https://cs.lkqd.net/cs?partnerId=59&redirect=https%3A%2F%2Fcm.g.doubleclick.net%2Fpixel%3Fgoogle_nid%3Dlkqd_dbm%26google_hm%3D%24%24rawlkqduserid%7Cbase64%24%24:0
[   51001ms] [ERROR] Failed to load resource: net::ERR_CONNECTION_CLOSED @ https://cs.lkqd.net/cs?partnerId=59&partnerUserId=CAESEBnipAqB64EwmfPMSdVGAoA&gpp=DBAA&gpp_sid=2&google_cver=1:0
[   63035ms] [ERROR] Failed to load resource: net::ERR_CONNECTION_CLOSED @ https://cs.lkqd.net/cs?partnerId=59&redirect=https%3A%2F%2Fcm.g.doubleclick.net%2Fpixel%3Fgoogle_nid%3Dlkqd_dbm%26google_hm%3D%24%24rawlkqduserid%7Cbase64%24%24:0
[   63185ms] [ERROR] Failed to load resource: net::ERR_CONNECTION_CLOSED @ https://cs.lkqd.net/cs?partnerId=59&partnerUserId=CAESEBnipAqB64EwmfPMSdVGAoA&gpp=DBAA&gpp_sid=2&google_cver=1:0
[   50860ms] [ERROR] Failed to load resource: net::ERR_CONNECTION_CLOSED @ https://cs.lkqd.net/cs?partnerId=59&redirect=https%3A%2F%2Fcm.g.doubleclick.net%2Fpixel%3Fgoogle_nid%3Dlkqd_dbm%26google_hm%3D%24%24rawlkqduserid%7Cbase64%24%24:0
[   51001ms] [ERROR] Failed to load resource: net::ERR_CONNECTION_CLOSED @ https://cs.lkqd.net/cs?partnerId=59&partnerUserId=CAESEBnipAqB64EwmfPMSdVGAoA&gpp=DBAA&gpp_sid=2&google_cver=1:0
[   63035ms] [ERROR] Failed to load resource: net::ERR_CONNECTION_CLOSED @ https://cs.lkqd.net/cs?partnerId=59&redirect=https%3A%2F%2Fcm.g.doubleclick.net%2Fpixel%3Fgoogle_nid%3Dlkqd_dbm%26google_hm%3D%24%24rawlkqduserid%7Cbase64%24%24:0
[   63185ms] [ERROR] Failed to load resource: net::ERR_CONNECTION_CLOSED @ https://cs.lkqd.net/cs?partnerId=59&partnerUserId=CAESEBnipAqB64EwmfPMSdVGAoA&gpp=DBAA&gpp_sid=2&google_cver=1:0
[   69076ms] [ERROR] Refused to execute script from 'https://metrics.getrockerbox.com/track/v5?source=semrush&tier_one=dv360&tier_two=${INSERTION_ORDER_ID}&tier_three=${CAMPAIGN_ID}&tier_four=${CREATIVE_ID}&auction_id=${CACHEBUSTER}&referrer=${SOURCE_URL}' because its MIME type ('image/gif') is not executable. @ https://dzone.com/articles/enterprise-architecture-in-ai:0
[    7757ms] [ERROR] Failed to load resource: the server responded with a status of 403 () @ https://c1.adform.net/serving/cookie/match?party=29&gpp=DBAA&gpp_sid=2:0
[   39360ms] [ERROR] Failed to load resource: the server responded with a status of 403 () @ https://c1.adform.net/serving/cookie/match?party=29&gpp=DBAA&gpp_sid=2:0
[   39511ms] [ERROR] Failed to load resource: net::ERR_TIMED_OUT @ https://t.adx.opera.com/pub/sync?pubid=pub10256699365696&userId=apisAhdaREUAGxdYAAoIuAAA%265378&gdpr=&us_privacy=&gdpr_consent=&gpp=&gpp_sid=:0
[   39558ms] [ERROR] Failed to load resource: the server responded with a status of 403 () @ https://c1.adform.net/serving/cookie/match?party=29&gpp=DBAA&gpp_sid=2:0
[   39790ms] [ERROR] Failed to load resource: the server responded with a status of 403 () @ https://c1.adform.net/serving/cookie/match?party=29&gpp=DBAA&gpp_sid=2:0
[   67908ms] [ERROR] Failed to load resource: net::ERR_TIMED_OUT @ https://t.adx.opera.com/pub/sync?pubid=pub10256699365696&userId=apisAhdaREUAGxdYAAoIuAAA%265378&gdpr=&us_privacy=&gdpr_consent=&gpp=DBAA&gpp_sid=2:0
[    7757ms] [ERROR] Failed to load resource: the server responded with a status of 403 () @ https://c1.adform.net/serving/cookie/match?party=29&gpp=DBAA&gpp_sid=2:0
[   39360ms] [ERROR] Failed to load resource: the server responded with a status of 403 () @ https://c1.adform.net/serving/cookie/match?party=29&gpp=DBAA&gpp_sid=2:0
[   39511ms] [ERROR] Failed to load resource: net::ERR_TIMED_OUT @ https://t.adx.opera.com/pub/sync?pubid=pub10256699365696&userId=apisAhdaREUAGxdYAAoIuAAA%265378&gdpr=&us_privacy=&gdpr_consent=&gpp=&gpp_sid=:0
[   39558ms] [ERROR] Failed to load resource: the server responded with a status of 403 () @ https://c1.adform.net/serving/cookie/match?party=29&gpp=DBAA&gpp_sid=2:0
[   39790ms] [ERROR] Failed to load resource: the server responded with a status of 403 () @ https://c1.adform.net/serving/cookie/match?party=29&gpp=DBAA&gpp_sid=2:0
[   67908ms] [ERROR] Failed to load resource: net::ERR_TIMED_OUT @ https://t.adx.opera.com/pub/sync?pubid=pub10256699365696&userId=apisAhdaREUAGxdYAAoIuAAA%265378&gdpr=&us_privacy=&gdpr_consent=&gpp=DBAA&gpp_sid=2:0
[   69294ms] [DIR] SyntaxError @ https://js.ad-score.com/score.min.js?pid=1000940&tt=g:1
[   69294ms] [ERROR] Failed to load resource: the server responded with a status of 403 () @ https://c1.adform.net/serving/cookie/match?party=29&gpp=DBAA&gpp_sid=2:0
[    7757ms] [ERROR] Failed to load resource: the server responded with a status of 403 () @ https://c1.adform.net/serving/cookie/match?party=29&gpp=DBAA&gpp_sid=2:0
[   39360ms] [ERROR] Failed to load resource: the server responded with a status of 403 () @ https://c1.adform.net/serving/cookie/match?party=29&gpp=DBAA&gpp_sid=2:0
[   39511ms] [ERROR] Failed to load resource: net::ERR_TIMED_OUT @ https://t.adx.opera.com/pub/sync?pubid=pub10256699365696&userId=apisAhdaREUAGxdYAAoIuAAA%265378&gdpr=&us_privacy=&gdpr_consent=&gpp=&gpp_sid=:0
[   39558ms] [ERROR] Failed to load resource: the server responded with a status of 403 () @ https://c1.adform.net/serving/cookie/match?party=29&gpp=DBAA&gpp_sid=2:0
[   39790ms] [ERROR] Failed to load resource: the server responded with a status of 403 () @ https://c1.adform.net/serving/cookie/match?party=29&gpp=DBAA&gpp_sid=2:0
[   67908ms] [ERROR] Failed to load resource: net::ERR_TIMED_OUT @ https://t.adx.opera.com/pub/sync?pubid=pub10256699365696&userId=apisAhdaREUAGxdYAAoIuAAA%265378&gdpr=&us_privacy=&gdpr_consent=&gpp=DBAA&gpp_sid=2:0
[   69294ms] [ERROR] Failed to load resource: the server responded with a status of 403 () @ https://c1.adform.net/serving/cookie/match?party=29&gpp=DBAA&gpp_sid=2:0
[   69391ms] [ERROR] Refused to execute script from 'https://metrics.getrockerbox.com/track/v5?source=semrush&tier_one=dv360&tier_two=${INSERTION_ORDER_ID}&tier_three=${CAMPAIGN_ID}&tier_four=${CREATIVE_ID}&auction_id=${CACHEBUSTER}&referrer=${SOURCE_URL}' because its MIME type ('image/gif') is not executable. @ https://dzone.com/articles/enterprise-architecture-in-ai:0
[   69523ms] [ERROR] Failed to load resource: the server responded with a status of 403 () @ https://c1.adform.net/serving/cookie/match?party=29&gpp=DBAA&gpp_sid=2:0
[   69751ms] [ERROR] Failed to load resource: the server responded with a status of 403 () @ https://c1.adform.net/serving/cookie/match?party=29&gpp=DBAA&gpp_sid=2:0
[   89186ms] [ERROR] Failed to load resource: net::ERR_TIMED_OUT @ https://t.adx.opera.com/pub/sync?pubid=pub10256699365696&userId=apisAhdaREUAGxdYAAoIuAAA%265378&gdpr=&us_privacy=&gdpr_consent=&gpp=DBAA&gpp_sid=2:0
[   50860ms] [ERROR] Failed to load resource: net::ERR_CONNECTION_CLOSED @ https://cs.lkqd.net/cs?partnerId=59&redirect=https%3A%2F%2Fcm.g.doubleclick.net%2Fpixel%3Fgoogle_nid%3Dlkqd_dbm%26google_hm%3D%24%24rawlkqduserid%7Cbase64%24%24:0
[   51001ms] [ERROR] Failed to load resource: net::ERR_CONNECTION_CLOSED @ https://cs.lkqd.net/cs?partnerId=59&partnerUserId=CAESEBnipAqB64EwmfPMSdVGAoA&gpp=DBAA&gpp_sid=2&google_cver=1:0
[   63035ms] [ERROR] Failed to load resource: net::ERR_CONNECTION_CLOSED @ https://cs.lkqd.net/cs?partnerId=59&redirect=https%3A%2F%2Fcm.g.doubleclick.net%2Fpixel%3Fgoogle_nid%3Dlkqd_dbm%26google_hm%3D%24%24rawlkqduserid%7Cbase64%24%24:0
[   63185ms] [ERROR] Failed to load resource: net::ERR_CONNECTION_CLOSED @ https://cs.lkqd.net/cs?partnerId=59&partnerUserId=CAESEBnipAqB64EwmfPMSdVGAoA&gpp=DBAA&gpp_sid=2&google_cver=1:0
[    7757ms] [ERROR] Failed to load resource: the server responded with a status of 403 () @ https://c1.adform.net/serving/cookie/match?party=29&gpp=DBAA&gpp_sid=2:0
[   39360ms] [ERROR] Failed to load resource: the server responded with a status of 403 () @ https://c1.adform.net/serving/cookie/match?party=29&gpp=DBAA&gpp_sid=2:0
[   39511ms] [ERROR] Failed to load resource: net::ERR_TIMED_OUT @ https://t.adx.opera.com/pub/sync?pubid=pub10256699365696&userId=apisAhdaREUAGxdYAAoIuAAA%265378&gdpr=&us_privacy=&gdpr_consent=&gpp=&gpp_sid=:0
[   39558ms] [ERROR] Failed to load resource: the server responded with a status of 403 () @ https://c1.adform.net/serving/cookie/match?party=29&gpp=DBAA&gpp_sid=2:0
[   39790ms] [ERROR] Failed to load resource: the server responded with a status of 403 () @ https://c1.adform.net/serving/cookie/match?party=29&gpp=DBAA&gpp_sid=2:0
[   67908ms] [ERROR] Failed to load resource: net::ERR_TIMED_OUT @ https://t.adx.opera.com/pub/sync?pubid=pub10256699365696&userId=apisAhdaREUAGxdYAAoIuAAA%265378&gdpr=&us_privacy=&gdpr_consent=&gpp=DBAA&gpp_sid=2:0
[   69294ms] [ERROR] Failed to load resource: the server responded with a status of 403 () @ https://c1.adform.net/serving/cookie/match?party=29&gpp=DBAA&gpp_sid=2:0
[   69523ms] [ERROR] Failed to load resource: the server responded with a status of 403 () @ https://c1.adform.net/serving/cookie/match?party=29&gpp=DBAA&gpp_sid=2:0
[   69751ms] [ERROR] Failed to load resource: the server responded with a status of 403 () @ https://c1.adform.net/serving/cookie/match?party=29&gpp=DBAA&gpp_sid=2:0
[   89186ms] [ERROR] Failed to load resource: net::ERR_TIMED_OUT @ https://t.adx.opera.com/pub/sync?pubid=pub10256699365696&userId=apisAhdaREUAGxdYAAoIuAAA%265378&gdpr=&us_privacy=&gdpr_consent=&gpp=DBAA&gpp_sid=2:0
[   98554ms] [ERROR] Failed to load resource: the server responded with a status of 403 () @ https://c1.adform.net/serving/cookie/match?party=29&gpp=DBAA&gpp_sid=2:0
[   98675ms] [DIR] SyntaxError @ https://js.ad-score.com/score.min.js?pid=1000940&tt=g:1
[   99950ms] [ERROR] Access to fetch at 'https://us-east.pgammedia.com/pbjs' from origin 'https://dzone.com' has been blocked by CORS policy: No 'Access-Control-Allow-Origin' header is present on the requested resource. @ https://dzone.com/articles/enterprise-architecture-in-ai:0
[   99950ms] [ERROR] Failed to load resource: net::ERR_FAILED @ https://us-east.pgammedia.com/pbjs:0
[   50860ms] [ERROR] Failed to load resource: net::ERR_CONNECTION_CLOSED @ https://cs.lkqd.net/cs?partnerId=59&redirect=https%3A%2F%2Fcm.g.doubleclick.net%2Fpixel%3Fgoogle_nid%3Dlkqd_dbm%26google_hm%3D%24%24rawlkqduserid%7Cbase64%24%24:0
[   51001ms] [ERROR] Failed to load resource: net::ERR_CONNECTION_CLOSED @ https://cs.lkqd.net/cs?partnerId=59&partnerUserId=CAESEBnipAqB64EwmfPMSdVGAoA&gpp=DBAA&gpp_sid=2&google_cver=1:0
[   63035ms] [ERROR] Failed to load resource: net::ERR_CONNECTION_CLOSED @ https://cs.lkqd.net/cs?partnerId=59&redirect=https%3A%2F%2Fcm.g.doubleclick.net%2Fpixel%3Fgoogle_nid%3Dlkqd_dbm%26google_hm%3D%24%24rawlkqduserid%7Cbase64%24%24:0
[   63185ms] [ERROR] Failed to load resource: net::ERR_CONNECTION_CLOSED @ https://cs.lkqd.net/cs?partnerId=59&partnerUserId=CAESEBnipAqB64EwmfPMSdVGAoA&gpp=DBAA&gpp_sid=2&google_cver=1:0
[   50860ms] [ERROR] Failed to load resource: net::ERR_CONNECTION_CLOSED @ https://cs.lkqd.net/cs?partnerId=59&redirect=https%3A%2F%2Fcm.g.doubleclick.net%2Fpixel%3Fgoogle_nid%3Dlkqd_dbm%26google_hm%3D%24%24rawlkqduserid%7Cbase64%24%24:0
[   51001ms] [ERROR] Failed to load resource: net::ERR_CONNECTION_CLOSED @ https://cs.lkqd.net/cs?partnerId=59&partnerUserId=CAESEBnipAqB64EwmfPMSdVGAoA&gpp=DBAA&gpp_sid=2&google_cver=1:0
[   63035ms] [ERROR] Failed to load resource: net::ERR_CONNECTION_CLOSED @ https://cs.lkqd.net/cs?partnerId=59&redirect=https%3A%2F%2Fcm.g.doubleclick.net%2Fpixel%3Fgoogle_nid%3Dlkqd_dbm%26google_hm%3D%24%24rawlkqduserid%7Cbase64%24%24:0
[   63185ms] [ERROR] Failed to load resource: net::ERR_CONNECTION_CLOSED @ https://cs.lkqd.net/cs?partnerId=59&partnerUserId=CAESEBnipAqB64EwmfPMSdVGAoA&gpp=DBAA&gpp_sid=2&google_cver=1:0
[    7757ms] [ERROR] Failed to load resource: the server responded with a status of 403 () @ https://c1.adform.net/serving/cookie/match?party=29&gpp=DBAA&gpp_sid=2:0
[   39360ms] [ERROR] Failed to load resource: the server responded with a status of 403 () @ https://c1.adform.net/serving/cookie/match?party=29&gpp=DBAA&gpp_sid=2:0
[   39511ms] [ERROR] Failed to load resource: net::ERR_TIMED_OUT @ https://t.adx.opera.com/pub/sync?pubid=pub10256699365696&userId=apisAhdaREUAGxdYAAoIuAAA%265378&gdpr=&us_privacy=&gdpr_consent=&gpp=&gpp_sid=:0
[   39558ms] [ERROR] Failed to load resource: the server responded with a status of 403 () @ https://c1.adform.net/serving/cookie/match?party=29&gpp=DBAA&gpp_sid=2:0
[   39790ms] [ERROR] Failed to load resource: the server responded with a status of 403 () @ https://c1.adform.net/serving/cookie/match?party=29&gpp=DBAA&gpp_sid=2:0
[   67908ms] [ERROR] Failed to load resource: net::ERR_TIMED_OUT @ https://t.adx.opera.com/pub/sync?pubid=pub10256699365696&userId=apisAhdaREUAGxdYAAoIuAAA%265378&gdpr=&us_privacy=&gdpr_consent=&gpp=DBAA&gpp_sid=2:0
[   69294ms] [ERROR] Failed to load resource: the server responded with a status of 403 () @ https://c1.adform.net/serving/cookie/match?party=29&gpp=DBAA&gpp_sid=2:0
[   69523ms] [ERROR] Failed to load resource: the server responded with a status of 403 () @ https://c1.adform.net/serving/cookie/match?party=29&gpp=DBAA&gpp_sid=2:0
[   69751ms] [ERROR] Failed to load resource: the server responded with a status of 403 () @ https://c1.adform.net/serving/cookie/match?party=29&gpp=DBAA&gpp_sid=2:0
[   89186ms] [ERROR] Failed to load resource: net::ERR_TIMED_OUT @ https://t.adx.opera.com/pub/sync?pubid=pub10256699365696&userId=apisAhdaREUAGxdYAAoIuAAA%265378&gdpr=&us_privacy=&gdpr_consent=&gpp=DBAA&gpp_sid=2:0
[   98554ms] [ERROR] Failed to load resource: the server responded with a status of 403 () @ https://c1.adform.net/serving/cookie/match?party=29&gpp=DBAA&gpp_sid=2:0
[  101199ms] [ERROR] Failed to load resource: the server responded with a status of 403 () @ https://c1.adform.net/serving/cookie/match?party=29&gpp=DBAA&gpp_sid=2:0
[    7757ms] [ERROR] Failed to load resource: the server responded with a status of 403 () @ https://c1.adform.net/serving/cookie/match?party=29&gpp=DBAA&gpp_sid=2:0
[   39360ms] [ERROR] Failed to load resource: the server responded with a status of 403 () @ https://c1.adform.net/serving/cookie/match?party=29&gpp=DBAA&gpp_sid=2:0
[   39511ms] [ERROR] Failed to load resource: net::ERR_TIMED_OUT @ https://t.adx.opera.com/pub/sync?pubid=pub10256699365696&userId=apisAhdaREUAGxdYAAoIuAAA%265378&gdpr=&us_privacy=&gdpr_consent=&gpp=&gpp_sid=:0
[   39558ms] [ERROR] Failed to load resource: the server responded with a status of 403 () @ https://c1.adform.net/serving/cookie/match?party=29&gpp=DBAA&gpp_sid=2:0
[   39790ms] [ERROR] Failed to load resource: the server responded with a status of 403 () @ https://c1.adform.net/serving/cookie/match?party=29&gpp=DBAA&gpp_sid=2:0
[   67908ms] [ERROR] Failed to load resource: net::ERR_TIMED_OUT @ https://t.adx.opera.com/pub/sync?pubid=pub10256699365696&userId=apisAhdaREUAGxdYAAoIuAAA%265378&gdpr=&us_privacy=&gdpr_consent=&gpp=DBAA&gpp_sid=2:0
[   69294ms] [ERROR] Failed to load resource: the server responded with a status of 403 () @ https://c1.adform.net/serving/cookie/match?party=29&gpp=DBAA&gpp_sid=2:0
[   69523ms] [ERROR] Failed to load resource: the server responded with a status of 403 () @ https://c1.adform.net/serving/cookie/match?party=29&gpp=DBAA&gpp_sid=2:0
[   69751ms] [ERROR] Failed to load resource: the server responded with a status of 403 () @ https://c1.adform.net/serving/cookie/match?party=29&gpp=DBAA&gpp_sid=2:0
[   89186ms] [ERROR] Failed to load resource: net::ERR_TIMED_OUT @ https://t.adx.opera.com/pub/sync?pubid=pub10256699365696&userId=apisAhdaREUAGxdYAAoIuAAA%265378&gdpr=&us_privacy=&gdpr_consent=&gpp=DBAA&gpp_sid=2:0
[   98554ms] [ERROR] Failed to load resource: the server responded with a status of 403 () @ https://c1.adform.net/serving/cookie/match?party=29&gpp=DBAA&gpp_sid=2:0
[  101199ms] [ERROR] Failed to load resource: the server responded with a status of 403 () @ https://c1.adform.net/serving/cookie/match?party=29&gpp=DBAA&gpp_sid=2:0
[  101395ms] [DIR] SyntaxError @ https://js.ad-score.com/score.min.js?pid=1000943&tt=g:1
[  101428ms] [ERROR] Failed to load resource: the server responded with a status of 403 () @ https://c1.adform.net/serving/cookie/match?party=29&gpp=DBAA&gpp_sid=2:0
[  101577ms] [DIR] SyntaxError @ https://js.ad-score.com/score.min.js?pid=1000943&tt=g:1
[  113087ms] [ERROR] Failed to load resource: net::ERR_CONNECTION_CLOSED @ https://sync.search.spotxchange.com/partner?adv_id=7025&gpp=DBAA&gpp_sid=2&redir=https%3A%2F%2Fcm.g.doubleclick.net%2Fpixel%3Fgoogle_nid%3Dspotxchange_dbm%26google_hm%3D%24SPOTX_BASE64_USER_ID:0
[  113297ms] [ERROR] Failed to load resource: net::ERR_CONNECTION_CLOSED @ https://sync.search.spotxchange.com/partner?adv_id=7025&gpp=DBAA&gpp_sid=2&uid=CAESEMnAxbEUbSEE-Jpg0Yr4wp8&google_cver=1:0
[  126920ms] [ERROR] Access to fetch at 'https://us-east.pgammedia.com/pbjs' from origin 'https://dzone.com' has been blocked by CORS policy: No 'Access-Control-Allow-Origin' header is present on the requested resource. @ https://dzone.com/articles/enterprise-architecture-in-ai:0
[  126920ms] [ERROR] Failed to load resource: net::ERR_FAILED @ https://us-east.pgammedia.com/pbjs:0
[  127642ms] [ERROR] Failed to load resource: net::ERR_EMPTY_RESPONSE @ https://t.adx.opera.com/pub/sync?pubid=pub13191986834624:0
[   50860ms] [ERROR] Failed to load resource: net::ERR_CONNECTION_CLOSED @ https://cs.lkqd.net/cs?partnerId=59&redirect=https%3A%2F%2Fcm.g.doubleclick.net%2Fpixel%3Fgoogle_nid%3Dlkqd_dbm%26google_hm%3D%24%24rawlkqduserid%7Cbase64%24%24:0
[   51001ms] [ERROR] Failed to load resource: net::ERR_CONNECTION_CLOSED @ https://cs.lkqd.net/cs?partnerId=59&partnerUserId=CAESEBnipAqB64EwmfPMSdVGAoA&gpp=DBAA&gpp_sid=2&google_cver=1:0
[   63035ms] [ERROR] Failed to load resource: net::ERR_CONNECTION_CLOSED @ https://cs.lkqd.net/cs?partnerId=59&redirect=https%3A%2F%2Fcm.g.doubleclick.net%2Fpixel%3Fgoogle_nid%3Dlkqd_dbm%26google_hm%3D%24%24rawlkqduserid%7Cbase64%24%24:0
[   63185ms] [ERROR] Failed to load resource: net::ERR_CONNECTION_CLOSED @ https://cs.lkqd.net/cs?partnerId=59&partnerUserId=CAESEBnipAqB64EwmfPMSdVGAoA&gpp=DBAA&gpp_sid=2&google_cver=1:0
[  113087ms] [ERROR] Failed to load resource: net::ERR_CONNECTION_CLOSED @ https://sync.search.spotxchange.com/partner?adv_id=7025&gpp=DBAA&gpp_sid=2&redir=https%3A%2F%2Fcm.g.doubleclick.net%2Fpixel%3Fgoogle_nid%3Dspotxchange_dbm%26google_hm%3D%24SPOTX_BASE64_USER_ID:0
[  113297ms] [ERROR] Failed to load resource: net::ERR_CONNECTION_CLOSED @ https://sync.search.spotxchange.com/partner?adv_id=7025&gpp=DBAA&gpp_sid=2&uid=CAESEMnAxbEUbSEE-Jpg0Yr4wp8&google_cver=1:0
[    7757ms] [ERROR] Failed to load resource: the server responded with a status of 403 () @ https://c1.adform.net/serving/cookie/match?party=29&gpp=DBAA&gpp_sid=2:0
[   39360ms] [ERROR] Failed to load resource: the server responded with a status of 403 () @ https://c1.adform.net/serving/cookie/match?party=29&gpp=DBAA&gpp_sid=2:0
[   39511ms] [ERROR] Failed to load resource: net::ERR_TIMED_OUT @ https://t.adx.opera.com/pub/sync?pubid=pub10256699365696&userId=apisAhdaREUAGxdYAAoIuAAA%265378&gdpr=&us_privacy=&gdpr_consent=&gpp=&gpp_sid=:0
[   39558ms] [ERROR] Failed to load resource: the server responded with a status of 403 () @ https://c1.adform.net/serving/cookie/match?party=29&gpp=DBAA&gpp_sid=2:0
[   39790ms] [ERROR] Failed to load resource: the server responded with a status of 403 () @ https://c1.adform.net/serving/cookie/match?party=29&gpp=DBAA&gpp_sid=2:0
[   67908ms] [ERROR] Failed to load resource: net::ERR_TIMED_OUT @ https://t.adx.opera.com/pub/sync?pubid=pub10256699365696&userId=apisAhdaREUAGxdYAAoIuAAA%265378&gdpr=&us_privacy=&gdpr_consent=&gpp=DBAA&gpp_sid=2:0
[   69294ms] [ERROR] Failed to load resource: the server responded with a status of 403 () @ https://c1.adform.net/serving/cookie/match?party=29&gpp=DBAA&gpp_sid=2:0
[   69523ms] [ERROR] Failed to load resource: the server responded with a status of 403 () @ https://c1.adform.net/serving/cookie/match?party=29&gpp=DBAA&gpp_sid=2:0
[   69751ms] [ERROR] Failed to load resource: the server responded with a status of 403 () @ https://c1.adform.net/serving/cookie/match?party=29&gpp=DBAA&gpp_sid=2:0
[   89186ms] [ERROR] Failed to load resource: net::ERR_TIMED_OUT @ https://t.adx.opera.com/pub/sync?pubid=pub10256699365696&userId=apisAhdaREUAGxdYAAoIuAAA%265378&gdpr=&us_privacy=&gdpr_consent=&gpp=DBAA&gpp_sid=2:0
[   98554ms] [ERROR] Failed to load resource: the server responded with a status of 403 () @ https://c1.adform.net/serving/cookie/match?party=29&gpp=DBAA&gpp_sid=2:0
[  101199ms] [ERROR] Failed to load resource: the server responded with a status of 403 () @ https://c1.adform.net/serving/cookie/match?party=29&gpp=DBAA&gpp_sid=2:0
[  101428ms] [ERROR] Failed to load resource: the server responded with a status of 403 () @ https://c1.adform.net/serving/cookie/match?party=29&gpp=DBAA&gpp_sid=2:0
[  128660ms] [ERROR] Failed to load resource: the server responded with a status of 403 () @ https://c1.adform.net/serving/cookie/match?party=29&gpp=DBAA&gpp_sid=2:0
[  128744ms] [DIR] SyntaxError @ https://js.ad-score.com/score.min.js?pid=1000940&tt=g:1
[   50860ms] [ERROR] Failed to load resource: net::ERR_CONNECTION_CLOSED @ https://cs.lkqd.net/cs?partnerId=59&redirect=https%3A%2F%2Fcm.g.doubleclick.net%2Fpixel%3Fgoogle_nid%3Dlkqd_dbm%26google_hm%3D%24%24rawlkqduserid%7Cbase64%24%24:0
[   51001ms] [ERROR] Failed to load resource: net::ERR_CONNECTION_CLOSED @ https://cs.lkqd.net/cs?partnerId=59&partnerUserId=CAESEBnipAqB64EwmfPMSdVGAoA&gpp=DBAA&gpp_sid=2&google_cver=1:0
[   63035ms] [ERROR] Failed to load resource: net::ERR_CONNECTION_CLOSED @ https://cs.lkqd.net/cs?partnerId=59&redirect=https%3A%2F%2Fcm.g.doubleclick.net%2Fpixel%3Fgoogle_nid%3Dlkqd_dbm%26google_hm%3D%24%24rawlkqduserid%7Cbase64%24%24:0
[   63185ms] [ERROR] Failed to load resource: net::ERR_CONNECTION_CLOSED @ https://cs.lkqd.net/cs?partnerId=59&partnerUserId=CAESEBnipAqB64EwmfPMSdVGAoA&gpp=DBAA&gpp_sid=2&google_cver=1:0
[  113087ms] [ERROR] Failed to load resource: net::ERR_CONNECTION_CLOSED @ https://sync.search.spotxchange.com/partner?adv_id=7025&gpp=DBAA&gpp_sid=2&redir=https%3A%2F%2Fcm.g.doubleclick.net%2Fpixel%3Fgoogle_nid%3Dspotxchange_dbm%26google_hm%3D%24SPOTX_BASE64_USER_ID:0
[  113297ms] [ERROR] Failed to load resource: net::ERR_CONNECTION_CLOSED @ https://sync.search.spotxchange.com/partner?adv_id=7025&gpp=DBAA&gpp_sid=2&uid=CAESEMnAxbEUbSEE-Jpg0Yr4wp8&google_cver=1:0
[   50860ms] [ERROR] Failed to load resource: net::ERR_CONNECTION_CLOSED @ https://cs.lkqd.net/cs?partnerId=59&redirect=https%3A%2F%2Fcm.g.doubleclick.net%2Fpixel%3Fgoogle_nid%3Dlkqd_dbm%26google_hm%3D%24%24rawlkqduserid%7Cbase64%24%24:0
[   51001ms] [ERROR] Failed to load resource: net::ERR_CONNECTION_CLOSED @ https://cs.lkqd.net/cs?partnerId=59&partnerUserId=CAESEBnipAqB64EwmfPMSdVGAoA&gpp=DBAA&gpp_sid=2&google_cver=1:0
[   63035ms] [ERROR] Failed to load resource: net::ERR_CONNECTION_CLOSED @ https://cs.lkqd.net/cs?partnerId=59&redirect=https%3A%2F%2Fcm.g.doubleclick.net%2Fpixel%3Fgoogle_nid%3Dlkqd_dbm%26google_hm%3D%24%24rawlkqduserid%7Cbase64%24%24:0
[   63185ms] [ERROR] Failed to load resource: net::ERR_CONNECTION_CLOSED @ https://cs.lkqd.net/cs?partnerId=59&partnerUserId=CAESEBnipAqB64EwmfPMSdVGAoA&gpp=DBAA&gpp_sid=2&google_cver=1:0
[  113087ms] [ERROR] Failed to load resource: net::ERR_CONNECTION_CLOSED @ https://sync.search.spotxchange.com/partner?adv_id=7025&gpp=DBAA&gpp_sid=2&redir=https%3A%2F%2Fcm.g.doubleclick.net%2Fpixel%3Fgoogle_nid%3Dspotxchange_dbm%26google_hm%3D%24SPOTX_BASE64_USER_ID:0
[  113297ms] [ERROR] Failed to load resource: net::ERR_CONNECTION_CLOSED @ https://sync.search.spotxchange.com/partner?adv_id=7025&gpp=DBAA&gpp_sid=2&uid=CAESEMnAxbEUbSEE-Jpg0Yr4wp8&google_cver=1:0
[    7757ms] [ERROR] Failed to load resource: the server responded with a status of 403 () @ https://c1.adform.net/serving/cookie/match?party=29&gpp=DBAA&gpp_sid=2:0
[   39360ms] [ERROR] Failed to load resource: the server responded with a status of 403 () @ https://c1.adform.net/serving/cookie/match?party=29&gpp=DBAA&gpp_sid=2:0
[   39511ms] [ERROR] Failed to load resource: net::ERR_TIMED_OUT @ https://t.adx.opera.com/pub/sync?pubid=pub10256699365696&userId=apisAhdaREUAGxdYAAoIuAAA%265378&gdpr=&us_privacy=&gdpr_consent=&gpp=&gpp_sid=:0
[   39558ms] [ERROR] Failed to load resource: the server responded with a status of 403 () @ https://c1.adform.net/serving/cookie/match?party=29&gpp=DBAA&gpp_sid=2:0
[   39790ms] [ERROR] Failed to load resource: the server responded with a status of 403 () @ https://c1.adform.net/serving/cookie/match?party=29&gpp=DBAA&gpp_sid=2:0
[   67908ms] [ERROR] Failed to load resource: net::ERR_TIMED_OUT @ https://t.adx.opera.com/pub/sync?pubid=pub10256699365696&userId=apisAhdaREUAGxdYAAoIuAAA%265378&gdpr=&us_privacy=&gdpr_consent=&gpp=DBAA&gpp_sid=2:0
[   69294ms] [ERROR] Failed to load resource: the server responded with a status of 403 () @ https://c1.adform.net/serving/cookie/match?party=29&gpp=DBAA&gpp_sid=2:0
[   69523ms] [ERROR] Failed to load resource: the server responded with a status of 403 () @ https://c1.adform.net/serving/cookie/match?party=29&gpp=DBAA&gpp_sid=2:0
[   69751ms] [ERROR] Failed to load resource: the server responded with a status of 403 () @ https://c1.adform.net/serving/cookie/match?party=29&gpp=DBAA&gpp_sid=2:0
[   89186ms] [ERROR] Failed to load resource: net::ERR_TIMED_OUT @ https://t.adx.opera.com/pub/sync?pubid=pub10256699365696&userId=apisAhdaREUAGxdYAAoIuAAA%265378&gdpr=&us_privacy=&gdpr_consent=&gpp=DBAA&gpp_sid=2:0
[   98554ms] [ERROR] Failed to load resource: the server responded with a status of 403 () @ https://c1.adform.net/serving/cookie/match?party=29&gpp=DBAA&gpp_sid=2:0
[  101199ms] [ERROR] Failed to load resource: the server responded with a status of 403 () @ https://c1.adform.net/serving/cookie/match?party=29&gpp=DBAA&gpp_sid=2:0
[  101428ms] [ERROR] Failed to load resource: the server responded with a status of 403 () @ https://c1.adform.net/serving/cookie/match?party=29&gpp=DBAA&gpp_sid=2:0
[  128660ms] [ERROR] Failed to load resource: the server responded with a status of 403 () @ https://c1.adform.net/serving/cookie/match?party=29&gpp=DBAA&gpp_sid=2:0
[    7757ms] [ERROR] Failed to load resource: the server responded with a status of 403 () @ https://c1.adform.net/serving/cookie/match?party=29&gpp=DBAA&gpp_sid=2:0
[   39360ms] [ERROR] Failed to load resource: the server responded with a status of 403 () @ https://c1.adform.net/serving/cookie/match?party=29&gpp=DBAA&gpp_sid=2:0
[   39511ms] [ERROR] Failed to load resource: net::ERR_TIMED_OUT @ https://t.adx.opera.com/pub/sync?pubid=pub10256699365696&userId=apisAhdaREUAGxdYAAoIuAAA%265378&gdpr=&us_privacy=&gdpr_consent=&gpp=&gpp_sid=:0
[   39558ms] [ERROR] Failed to load resource: the server responded with a status of 403 () @ https://c1.adform.net/serving/cookie/match?party=29&gpp=DBAA&gpp_sid=2:0
[   39790ms] [ERROR] Failed to load resource: the server responded with a status of 403 () @ https://c1.adform.net/serving/cookie/match?party=29&gpp=DBAA&gpp_sid=2:0
[   67908ms] [ERROR] Failed to load resource: net::ERR_TIMED_OUT @ https://t.adx.opera.com/pub/sync?pubid=pub10256699365696&userId=apisAhdaREUAGxdYAAoIuAAA%265378&gdpr=&us_privacy=&gdpr_consent=&gpp=DBAA&gpp_sid=2:0
[   69294ms] [ERROR] Failed to load resource: the server responded with a status of 403 () @ https://c1.adform.net/serving/cookie/match?party=29&gpp=DBAA&gpp_sid=2:0
[   69523ms] [ERROR] Failed to load resource: the server responded with a status of 403 () @ https://c1.adform.net/serving/cookie/match?party=29&gpp=DBAA&gpp_sid=2:0
[   69751ms] [ERROR] Failed to load resource: the server responded with a status of 403 () @ https://c1.adform.net/serving/cookie/match?party=29&gpp=DBAA&gpp_sid=2:0
[   89186ms] [ERROR] Failed to load resource: net::ERR_TIMED_OUT @ https://t.adx.opera.com/pub/sync?pubid=pub10256699365696&userId=apisAhdaREUAGxdYAAoIuAAA%265378&gdpr=&us_privacy=&gdpr_consent=&gpp=DBAA&gpp_sid=2:0
[   98554ms] [ERROR] Failed to load resource: the server responded with a status of 403 () @ https://c1.adform.net/serving/cookie/match?party=29&gpp=DBAA&gpp_sid=2:0
[  101199ms] [ERROR] Failed to load resource: the server responded with a status of 403 () @ https://c1.adform.net/serving/cookie/match?party=29&gpp=DBAA&gpp_sid=2:0
[  101428ms] [ERROR] Failed to load resource: the server responded with a status of 403 () @ https://c1.adform.net/serving/cookie/match?party=29&gpp=DBAA&gpp_sid=2:0
[  128660ms] [ERROR] Failed to load resource: the server responded with a status of 403 () @ https://c1.adform.net/serving/cookie/match?party=29&gpp=DBAA&gpp_sid=2:0
[  131196ms] [ERROR] Failed to load resource: the server responded with a status of 403 () @ https://c1.adform.net/serving/cookie/match?party=29&gpp=DBAA&gpp_sid=2:0
[  131303ms] [DIR] SyntaxError @ https://js.ad-score.com/score.min.js?pid=1000943&tt=g:1
[  131423ms] [ERROR] Failed to load resource: the server responded with a status of 403 () @ https://c1.adform.net/serving/cookie/match?party=29&gpp=DBAA&gpp_sid=2:0
[  131459ms] [DIR] SyntaxError @ https://js.ad-score.com/score.min.js?pid=1000943&tt=g:1
[  151076ms] [ERROR] Failed to load resource: net::ERR_TIMED_OUT @ https://t.adx.opera.com/pub/sync?pubid=pub10256699365696&userId=apisAhdaREUAGxdYAAoIuAAA%265378&gdpr=&us_privacy=&gdpr_consent=&gpp=DBAA&gpp_sid=2:0
[  151233ms] [ERROR] Failed to load resource: net::ERR_TIMED_OUT @ https://t.adx.opera.com/pub/sync?pubid=pub10256699365696&userId=apisAhdaREUAGxdYAAoIuAAA%265378&gdpr=&us_privacy=&gdpr_consent=&gpp=DBAA&gpp_sid=2:0
[  156945ms] [ERROR] Access to fetch at 'https://us-east.pgammedia.com/pbjs' from origin 'https://dzone.com' has been blocked by CORS policy: No 'Access-Control-Allow-Origin' header is present on the requested resource. @ https://dzone.com/articles/enterprise-architecture-in-ai:0
[  156945ms] [ERROR] Failed to load resource: net::ERR_FAILED @ https://us-east.pgammedia.com/pbjs:0
[   50860ms] [ERROR] Failed to load resource: net::ERR_CONNECTION_CLOSED @ https://cs.lkqd.net/cs?partnerId=59&redirect=https%3A%2F%2Fcm.g.doubleclick.net%2Fpixel%3Fgoogle_nid%3Dlkqd_dbm%26google_hm%3D%24%24rawlkqduserid%7Cbase64%24%24:0
[   51001ms] [ERROR] Failed to load resource: net::ERR_CONNECTION_CLOSED @ https://cs.lkqd.net/cs?partnerId=59&partnerUserId=CAESEBnipAqB64EwmfPMSdVGAoA&gpp=DBAA&gpp_sid=2&google_cver=1:0
[   63035ms] [ERROR] Failed to load resource: net::ERR_CONNECTION_CLOSED @ https://cs.lkqd.net/cs?partnerId=59&redirect=https%3A%2F%2Fcm.g.doubleclick.net%2Fpixel%3Fgoogle_nid%3Dlkqd_dbm%26google_hm%3D%24%24rawlkqduserid%7Cbase64%24%24:0
[   63185ms] [ERROR] Failed to load resource: net::ERR_CONNECTION_CLOSED @ https://cs.lkqd.net/cs?partnerId=59&partnerUserId=CAESEBnipAqB64EwmfPMSdVGAoA&gpp=DBAA&gpp_sid=2&google_cver=1:0
[  113087ms] [ERROR] Failed to load resource: net::ERR_CONNECTION_CLOSED @ https://sync.search.spotxchange.com/partner?adv_id=7025&gpp=DBAA&gpp_sid=2&redir=https%3A%2F%2Fcm.g.doubleclick.net%2Fpixel%3Fgoogle_nid%3Dspotxchange_dbm%26google_hm%3D%24SPOTX_BASE64_USER_ID:0
[  113297ms] [ERROR] Failed to load resource: net::ERR_CONNECTION_CLOSED @ https://sync.search.spotxchange.com/partner?adv_id=7025&gpp=DBAA&gpp_sid=2&uid=CAESEMnAxbEUbSEE-Jpg0Yr4wp8&google_cver=1:0
[    7757ms] [ERROR] Failed to load resource: the server responded with a status of 403 () @ https://c1.adform.net/serving/cookie/match?party=29&gpp=DBAA&gpp_sid=2:0
[   39360ms] [ERROR] Failed to load resource: the server responded with a status of 403 () @ https://c1.adform.net/serving/cookie/match?party=29&gpp=DBAA&gpp_sid=2:0
[   39511ms] [ERROR] Failed to load resource: net::ERR_TIMED_OUT @ https://t.adx.opera.com/pub/sync?pubid=pub10256699365696&userId=apisAhdaREUAGxdYAAoIuAAA%265378&gdpr=&us_privacy=&gdpr_consent=&gpp=&gpp_sid=:0
[   39558ms] [ERROR] Failed to load resource: the server responded with a status of 403 () @ https://c1.adform.net/serving/cookie/match?party=29&gpp=DBAA&gpp_sid=2:0
[   39790ms] [ERROR] Failed to load resource: the server responded with a status of 403 () @ https://c1.adform.net/serving/cookie/match?party=29&gpp=DBAA&gpp_sid=2:0
[   67908ms] [ERROR] Failed to load resource: net::ERR_TIMED_OUT @ https://t.adx.opera.com/pub/sync?pubid=pub10256699365696&userId=apisAhdaREUAGxdYAAoIuAAA%265378&gdpr=&us_privacy=&gdpr_consent=&gpp=DBAA&gpp_sid=2:0
[   69294ms] [ERROR] Failed to load resource: the server responded with a status of 403 () @ https://c1.adform.net/serving/cookie/match?party=29&gpp=DBAA&gpp_sid=2:0
[   69523ms] [ERROR] Failed to load resource: the server responded with a status of 403 () @ https://c1.adform.net/serving/cookie/match?party=29&gpp=DBAA&gpp_sid=2:0
[   69751ms] [ERROR] Failed to load resource: the server responded with a status of 403 () @ https://c1.adform.net/serving/cookie/match?party=29&gpp=DBAA&gpp_sid=2:0
[   89186ms] [ERROR] Failed to load resource: net::ERR_TIMED_OUT @ https://t.adx.opera.com/pub/sync?pubid=pub10256699365696&userId=apisAhdaREUAGxdYAAoIuAAA%265378&gdpr=&us_privacy=&gdpr_consent=&gpp=DBAA&gpp_sid=2:0
[   98554ms] [ERROR] Failed to load resource: the server responded with a status of 403 () @ https://c1.adform.net/serving/cookie/match?party=29&gpp=DBAA&gpp_sid=2:0
[  101199ms] [ERROR] Failed to load resource: the server responded with a status of 403 () @ https://c1.adform.net/serving/cookie/match?party=29&gpp=DBAA&gpp_sid=2:0
[  101428ms] [ERROR] Failed to load resource: the server responded with a status of 403 () @ https://c1.adform.net/serving/cookie/match?party=29&gpp=DBAA&gpp_sid=2:0
[  128660ms] [ERROR] Failed to load resource: the server responded with a status of 403 () @ https://c1.adform.net/serving/cookie/match?party=29&gpp=DBAA&gpp_sid=2:0
[  131196ms] [ERROR] Failed to load resource: the server responded with a status of 403 () @ https://c1.adform.net/serving/cookie/match?party=29&gpp=DBAA&gpp_sid=2:0
[  131423ms] [ERROR] Failed to load resource: the server responded with a status of 403 () @ https://c1.adform.net/serving/cookie/match?party=29&gpp=DBAA&gpp_sid=2:0
[  151076ms] [ERROR] Failed to load resource: net::ERR_TIMED_OUT @ https://t.adx.opera.com/pub/sync?pubid=pub10256699365696&userId=apisAhdaREUAGxdYAAoIuAAA%265378&gdpr=&us_privacy=&gdpr_consent=&gpp=DBAA&gpp_sid=2:0
[  151233ms] [ERROR] Failed to load resource: net::ERR_TIMED_OUT @ https://t.adx.opera.com/pub/sync?pubid=pub10256699365696&userId=apisAhdaREUAGxdYAAoIuAAA%265378&gdpr=&us_privacy=&gdpr_consent=&gpp=DBAA&gpp_sid=2:0
[  158482ms] [ERROR] Failed to load resource: net::ERR_TIMED_OUT @ https://t.adx.opera.com/pub/sync?pubid=pub10256699365696&userId=apisAhdaREUAGxdYAAoIuAAA%265378&gdpr=&us_privacy=&gdpr_consent=&gpp=DBAA&gpp_sid=2:0
[  158658ms] [ERROR] Failed to load resource: the server responded with a status of 403 () @ https://c1.adform.net/serving/cookie/match?party=29&gpp=DBAA&gpp_sid=2:0
[  158758ms] [DIR] SyntaxError @ https://js.ad-score.com/score.min.js?pid=1000943&tt=g:1
[   50860ms] [ERROR] Failed to load resource: net::ERR_CONNECTION_CLOSED @ https://cs.lkqd.net/cs?partnerId=59&redirect=https%3A%2F%2Fcm.g.doubleclick.net%2Fpixel%3Fgoogle_nid%3Dlkqd_dbm%26google_hm%3D%24%24rawlkqduserid%7Cbase64%24%24:0
[   51001ms] [ERROR] Failed to load resource: net::ERR_CONNECTION_CLOSED @ https://cs.lkqd.net/cs?partnerId=59&partnerUserId=CAESEBnipAqB64EwmfPMSdVGAoA&gpp=DBAA&gpp_sid=2&google_cver=1:0
[   63035ms] [ERROR] Failed to load resource: net::ERR_CONNECTION_CLOSED @ https://cs.lkqd.net/cs?partnerId=59&redirect=https%3A%2F%2Fcm.g.doubleclick.net%2Fpixel%3Fgoogle_nid%3Dlkqd_dbm%26google_hm%3D%24%24rawlkqduserid%7Cbase64%24%24:0
[   63185ms] [ERROR] Failed to load resource: net::ERR_CONNECTION_CLOSED @ https://cs.lkqd.net/cs?partnerId=59&partnerUserId=CAESEBnipAqB64EwmfPMSdVGAoA&gpp=DBAA&gpp_sid=2&google_cver=1:0
[  113087ms] [ERROR] Failed to load resource: net::ERR_CONNECTION_CLOSED @ https://sync.search.spotxchange.com/partner?adv_id=7025&gpp=DBAA&gpp_sid=2&redir=https%3A%2F%2Fcm.g.doubleclick.net%2Fpixel%3Fgoogle_nid%3Dspotxchange_dbm%26google_hm%3D%24SPOTX_BASE64_USER_ID:0
[  113297ms] [ERROR] Failed to load resource: net::ERR_CONNECTION_CLOSED @ https://sync.search.spotxchange.com/partner?adv_id=7025&gpp=DBAA&gpp_sid=2&uid=CAESEMnAxbEUbSEE-Jpg0Yr4wp8&google_cver=1:0
[   50860ms] [ERROR] Failed to load resource: net::ERR_CONNECTION_CLOSED @ https://cs.lkqd.net/cs?partnerId=59&redirect=https%3A%2F%2Fcm.g.doubleclick.net%2Fpixel%3Fgoogle_nid%3Dlkqd_dbm%26google_hm%3D%24%24rawlkqduserid%7Cbase64%24%24:0
[   51001ms] [ERROR] Failed to load resource: net::ERR_CONNECTION_CLOSED @ https://cs.lkqd.net/cs?partnerId=59&partnerUserId=CAESEBnipAqB64EwmfPMSdVGAoA&gpp=DBAA&gpp_sid=2&google_cver=1:0
[   63035ms] [ERROR] Failed to load resource: net::ERR_CONNECTION_CLOSED @ https://cs.lkqd.net/cs?partnerId=59&redirect=https%3A%2F%2Fcm.g.doubleclick.net%2Fpixel%3Fgoogle_nid%3Dlkqd_dbm%26google_hm%3D%24%24rawlkqduserid%7Cbase64%24%24:0
[   63185ms] [ERROR] Failed to load resource: net::ERR_CONNECTION_CLOSED @ https://cs.lkqd.net/cs?partnerId=59&partnerUserId=CAESEBnipAqB64EwmfPMSdVGAoA&gpp=DBAA&gpp_sid=2&google_cver=1:0
[  113087ms] [ERROR] Failed to load resource: net::ERR_CONNECTION_CLOSED @ https://sync.search.spotxchange.com/partner?adv_id=7025&gpp=DBAA&gpp_sid=2&redir=https%3A%2F%2Fcm.g.doubleclick.net%2Fpixel%3Fgoogle_nid%3Dspotxchange_dbm%26google_hm%3D%24SPOTX_BASE64_USER_ID:0
[  113297ms] [ERROR] Failed to load resource: net::ERR_CONNECTION_CLOSED @ https://sync.search.spotxchange.com/partner?adv_id=7025&gpp=DBAA&gpp_sid=2&uid=CAESEMnAxbEUbSEE-Jpg0Yr4wp8&google_cver=1:0
[    7757ms] [ERROR] Failed to load resource: the server responded with a status of 403 () @ https://c1.adform.net/serving/cookie/match?party=29&gpp=DBAA&gpp_sid=2:0
[   39360ms] [ERROR] Failed to load resource: the server responded with a status of 403 () @ https://c1.adform.net/serving/cookie/match?party=29&gpp=DBAA&gpp_sid=2:0
[   39511ms] [ERROR] Failed to load resource: net::ERR_TIMED_OUT @ https://t.adx.opera.com/pub/sync?pubid=pub10256699365696&userId=apisAhdaREUAGxdYAAoIuAAA%265378&gdpr=&us_privacy=&gdpr_consent=&gpp=&gpp_sid=:0
[   39558ms] [ERROR] Failed to load resource: the server responded with a status of 403 () @ https://c1.adform.net/serving/cookie/match?party=29&gpp=DBAA&gpp_sid=2:0
[   39790ms] [ERROR] Failed to load resource: the server responded with a status of 403 () @ https://c1.adform.net/serving/cookie/match?party=29&gpp=DBAA&gpp_sid=2:0
[   67908ms] [ERROR] Failed to load resource: net::ERR_TIMED_OUT @ https://t.adx.opera.com/pub/sync?pubid=pub10256699365696&userId=apisAhdaREUAGxdYAAoIuAAA%265378&gdpr=&us_privacy=&gdpr_consent=&gpp=DBAA&gpp_sid=2:0
[   69294ms] [ERROR] Failed to load resource: the server responded with a status of 403 () @ https://c1.adform.net/serving/cookie/match?party=29&gpp=DBAA&gpp_sid=2:0
[   69523ms] [ERROR] Failed to load resource: the server responded with a status of 403 () @ https://c1.adform.net/serving/cookie/match?party=29&gpp=DBAA&gpp_sid=2:0
[   69751ms] [ERROR] Failed to load resource: the server responded with a status of 403 () @ https://c1.adform.net/serving/cookie/match?party=29&gpp=DBAA&gpp_sid=2:0
[   89186ms] [ERROR] Failed to load resource: net::ERR_TIMED_OUT @ https://t.adx.opera.com/pub/sync?pubid=pub10256699365696&userId=apisAhdaREUAGxdYAAoIuAAA%265378&gdpr=&us_privacy=&gdpr_consent=&gpp=DBAA&gpp_sid=2:0
[   98554ms] [ERROR] Failed to load resource: the server responded with a status of 403 () @ https://c1.adform.net/serving/cookie/match?party=29&gpp=DBAA&gpp_sid=2:0
[  101199ms] [ERROR] Failed to load resource: the server responded with a status of 403 () @ https://c1.adform.net/serving/cookie/match?party=29&gpp=DBAA&gpp_sid=2:0
[  101428ms] [ERROR] Failed to load resource: the server responded with a status of 403 () @ https://c1.adform.net/serving/cookie/match?party=29&gpp=DBAA&gpp_sid=2:0
[  128660ms] [ERROR] Failed to load resource: the server responded with a status of 403 () @ https://c1.adform.net/serving/cookie/match?party=29&gpp=DBAA&gpp_sid=2:0
[  131196ms] [ERROR] Failed to load resource: the server responded with a status of 403 () @ https://c1.adform.net/serving/cookie/match?party=29&gpp=DBAA&gpp_sid=2:0
[  131423ms] [ERROR] Failed to load resource: the server responded with a status of 403 () @ https://c1.adform.net/serving/cookie/match?party=29&gpp=DBAA&gpp_sid=2:0
[  151076ms] [ERROR] Failed to load resource: net::ERR_TIMED_OUT @ https://t.adx.opera.com/pub/sync?pubid=pub10256699365696&userId=apisAhdaREUAGxdYAAoIuAAA%265378&gdpr=&us_privacy=&gdpr_consent=&gpp=DBAA&gpp_sid=2:0
[  151233ms] [ERROR] Failed to load resource: net::ERR_TIMED_OUT @ https://t.adx.opera.com/pub/sync?pubid=pub10256699365696&userId=apisAhdaREUAGxdYAAoIuAAA%265378&gdpr=&us_privacy=&gdpr_consent=&gpp=DBAA&gpp_sid=2:0
[  158482ms] [ERROR] Failed to load resource: net::ERR_TIMED_OUT @ https://t.adx.opera.com/pub/sync?pubid=pub10256699365696&userId=apisAhdaREUAGxdYAAoIuAAA%265378&gdpr=&us_privacy=&gdpr_consent=&gpp=DBAA&gpp_sid=2:0
[  158658ms] [ERROR] Failed to load resource: the server responded with a status of 403 () @ https://c1.adform.net/serving/cookie/match?party=29&gpp=DBAA&gpp_sid=2:0
[    7757ms] [ERROR] Failed to load resource: the server responded with a status of 403 () @ https://c1.adform.net/serving/cookie/match?party=29&gpp=DBAA&gpp_sid=2:0
[   39360ms] [ERROR] Failed to load resource: the server responded with a status of 403 () @ https://c1.adform.net/serving/cookie/match?party=29&gpp=DBAA&gpp_sid=2:0
[   39511ms] [ERROR] Failed to load resource: net::ERR_TIMED_OUT @ https://t.adx.opera.com/pub/sync?pubid=pub10256699365696&userId=apisAhdaREUAGxdYAAoIuAAA%265378&gdpr=&us_privacy=&gdpr_consent=&gpp=&gpp_sid=:0
[   39558ms] [ERROR] Failed to load resource: the server responded with a status of 403 () @ https://c1.adform.net/serving/cookie/match?party=29&gpp=DBAA&gpp_sid=2:0
[   39790ms] [ERROR] Failed to load resource: the server responded with a status of 403 () @ https://c1.adform.net/serving/cookie/match?party=29&gpp=DBAA&gpp_sid=2:0
[   67908ms] [ERROR] Failed to load resource: net::ERR_TIMED_OUT @ https://t.adx.opera.com/pub/sync?pubid=pub10256699365696&userId=apisAhdaREUAGxdYAAoIuAAA%265378&gdpr=&us_privacy=&gdpr_consent=&gpp=DBAA&gpp_sid=2:0
[   69294ms] [ERROR] Failed to load resource: the server responded with a status of 403 () @ https://c1.adform.net/serving/cookie/match?party=29&gpp=DBAA&gpp_sid=2:0
[   69523ms] [ERROR] Failed to load resource: the server responded with a status of 403 () @ https://c1.adform.net/serving/cookie/match?party=29&gpp=DBAA&gpp_sid=2:0
[   69751ms] [ERROR] Failed to load resource: the server responded with a status of 403 () @ https://c1.adform.net/serving/cookie/match?party=29&gpp=DBAA&gpp_sid=2:0
[   89186ms] [ERROR] Failed to load resource: net::ERR_TIMED_OUT @ https://t.adx.opera.com/pub/sync?pubid=pub10256699365696&userId=apisAhdaREUAGxdYAAoIuAAA%265378&gdpr=&us_privacy=&gdpr_consent=&gpp=DBAA&gpp_sid=2:0
[   98554ms] [ERROR] Failed to load resource: the server responded with a status of 403 () @ https://c1.adform.net/serving/cookie/match?party=29&gpp=DBAA&gpp_sid=2:0
[  101199ms] [ERROR] Failed to load resource: the server responded with a status of 403 () @ https://c1.adform.net/serving/cookie/match?party=29&gpp=DBAA&gpp_sid=2:0
[  101428ms] [ERROR] Failed to load resource: the server responded with a status of 403 () @ https://c1.adform.net/serving/cookie/match?party=29&gpp=DBAA&gpp_sid=2:0
[  128660ms] [ERROR] Failed to load resource: the server responded with a status of 403 () @ https://c1.adform.net/serving/cookie/match?party=29&gpp=DBAA&gpp_sid=2:0
[  131196ms] [ERROR] Failed to load resource: the server responded with a status of 403 () @ https://c1.adform.net/serving/cookie/match?party=29&gpp=DBAA&gpp_sid=2:0
[  131423ms] [ERROR] Failed to load resource: the server responded with a status of 403 () @ https://c1.adform.net/serving/cookie/match?party=29&gpp=DBAA&gpp_sid=2:0
[  151076ms] [ERROR] Failed to load resource: net::ERR_TIMED_OUT @ https://t.adx.opera.com/pub/sync?pubid=pub10256699365696&userId=apisAhdaREUAGxdYAAoIuAAA%265378&gdpr=&us_privacy=&gdpr_consent=&gpp=DBAA&gpp_sid=2:0
[  151233ms] [ERROR] Failed to load resource: net::ERR_TIMED_OUT @ https://t.adx.opera.com/pub/sync?pubid=pub10256699365696&userId=apisAhdaREUAGxdYAAoIuAAA%265378&gdpr=&us_privacy=&gdpr_consent=&gpp=DBAA&gpp_sid=2:0
[  158482ms] [ERROR] Failed to load resource: net::ERR_TIMED_OUT @ https://t.adx.opera.com/pub/sync?pubid=pub10256699365696&userId=apisAhdaREUAGxdYAAoIuAAA%265378&gdpr=&us_privacy=&gdpr_consent=&gpp=DBAA&gpp_sid=2:0
[  158658ms] [ERROR] Failed to load resource: the server responded with a status of 403 () @ https://c1.adform.net/serving/cookie/match?party=29&gpp=DBAA&gpp_sid=2:0
[  161278ms] [ERROR] Failed to load resource: the server responded with a status of 403 () @ https://c1.adform.net/serving/cookie/match?party=29&gpp=DBAA&gpp_sid=2:0
[  161396ms] [DIR] SyntaxError @ https://js.ad-score.com/score.min.js?pid=1000943&tt=g:1
[  161506ms] [ERROR] Failed to load resource: the server responded with a status of 403 () @ https://c1.adform.net/serving/cookie/match?party=29&gpp=DBAA&gpp_sid=2:0
[  161528ms] [DIR] SyntaxError @ https://js.ad-score.com/score.min.js?pid=1000943&tt=g:1
[  181029ms] [ERROR] Failed to load resource: net::ERR_TIMED_OUT @ https://t.adx.opera.com/pub/sync?pubid=pub10256699365696&userId=apisAhdaREUAGxdYAAoIuAAA%265378&gdpr=&us_privacy=&gdpr_consent=&gpp=DBAA&gpp_sid=2:0
[  181079ms] [ERROR] Failed to load resource: net::ERR_TIMED_OUT @ https://t.adx.opera.com/pub/sync?pubid=pub10256699365696&userId=apisAhdaREUAGxdYAAoIuAAA%265378&gdpr=&us_privacy=&gdpr_consent=&gpp=DBAA&gpp_sid=2:0
[  186947ms] [ERROR] Access to fetch at 'https://us-east.pgammedia.com/pbjs' from origin 'https://dzone.com' has been blocked by CORS policy: No 'Access-Control-Allow-Origin' header is present on the requested resource. @ https://dzone.com/articles/enterprise-architecture-in-ai:0
[  186947ms] [ERROR] Failed to load resource: net::ERR_FAILED @ https://us-east.pgammedia.com/pbjs:0
[   50860ms] [ERROR] Failed to load resource: net::ERR_CONNECTION_CLOSED @ https://cs.lkqd.net/cs?partnerId=59&redirect=https%3A%2F%2Fcm.g.doubleclick.net%2Fpixel%3Fgoogle_nid%3Dlkqd_dbm%26google_hm%3D%24%24rawlkqduserid%7Cbase64%24%24:0
[   51001ms] [ERROR] Failed to load resource: net::ERR_CONNECTION_CLOSED @ https://cs.lkqd.net/cs?partnerId=59&partnerUserId=CAESEBnipAqB64EwmfPMSdVGAoA&gpp=DBAA&gpp_sid=2&google_cver=1:0
[   63035ms] [ERROR] Failed to load resource: net::ERR_CONNECTION_CLOSED @ https://cs.lkqd.net/cs?partnerId=59&redirect=https%3A%2F%2Fcm.g.doubleclick.net%2Fpixel%3Fgoogle_nid%3Dlkqd_dbm%26google_hm%3D%24%24rawlkqduserid%7Cbase64%24%24:0
[   63185ms] [ERROR] Failed to load resource: net::ERR_CONNECTION_CLOSED @ https://cs.lkqd.net/cs?partnerId=59&partnerUserId=CAESEBnipAqB64EwmfPMSdVGAoA&gpp=DBAA&gpp_sid=2&google_cver=1:0
[  113087ms] [ERROR] Failed to load resource: net::ERR_CONNECTION_CLOSED @ https://sync.search.spotxchange.com/partner?adv_id=7025&gpp=DBAA&gpp_sid=2&redir=https%3A%2F%2Fcm.g.doubleclick.net%2Fpixel%3Fgoogle_nid%3Dspotxchange_dbm%26google_hm%3D%24SPOTX_BASE64_USER_ID:0
[  113297ms] [ERROR] Failed to load resource: net::ERR_CONNECTION_CLOSED @ https://sync.search.spotxchange.com/partner?adv_id=7025&gpp=DBAA&gpp_sid=2&uid=CAESEMnAxbEUbSEE-Jpg0Yr4wp8&google_cver=1:0
[    7757ms] [ERROR] Failed to load resource: the server responded with a status of 403 () @ https://c1.adform.net/serving/cookie/match?party=29&gpp=DBAA&gpp_sid=2:0
[   39360ms] [ERROR] Failed to load resource: the server responded with a status of 403 () @ https://c1.adform.net/serving/cookie/match?party=29&gpp=DBAA&gpp_sid=2:0
[   39511ms] [ERROR] Failed to load resource: net::ERR_TIMED_OUT @ https://t.adx.opera.com/pub/sync?pubid=pub10256699365696&userId=apisAhdaREUAGxdYAAoIuAAA%265378&gdpr=&us_privacy=&gdpr_consent=&gpp=&gpp_sid=:0
[   39558ms] [ERROR] Failed to load resource: the server responded with a status of 403 () @ https://c1.adform.net/serving/cookie/match?party=29&gpp=DBAA&gpp_sid=2:0
[   39790ms] [ERROR] Failed to load resource: the server responded with a status of 403 () @ https://c1.adform.net/serving/cookie/match?party=29&gpp=DBAA&gpp_sid=2:0
[   67908ms] [ERROR] Failed to load resource: net::ERR_TIMED_OUT @ https://t.adx.opera.com/pub/sync?pubid=pub10256699365696&userId=apisAhdaREUAGxdYAAoIuAAA%265378&gdpr=&us_privacy=&gdpr_consent=&gpp=DBAA&gpp_sid=2:0
[   69294ms] [ERROR] Failed to load resource: the server responded with a status of 403 () @ https://c1.adform.net/serving/cookie/match?party=29&gpp=DBAA&gpp_sid=2:0
[   69523ms] [ERROR] Failed to load resource: the server responded with a status of 403 () @ https://c1.adform.net/serving/cookie/match?party=29&gpp=DBAA&gpp_sid=2:0
[   69751ms] [ERROR] Failed to load resource: the server responded with a status of 403 () @ https://c1.adform.net/serving/cookie/match?party=29&gpp=DBAA&gpp_sid=2:0
[   89186ms] [ERROR] Failed to load resource: net::ERR_TIMED_OUT @ https://t.adx.opera.com/pub/sync?pubid=pub10256699365696&userId=apisAhdaREUAGxdYAAoIuAAA%265378&gdpr=&us_privacy=&gdpr_consent=&gpp=DBAA&gpp_sid=2:0
[   98554ms] [ERROR] Failed to load resource: the server responded with a status of 403 () @ https://c1.adform.net/serving/cookie/match?party=29&gpp=DBAA&gpp_sid=2:0
[  101199ms] [ERROR] Failed to load resource: the server responded with a status of 403 () @ https://c1.adform.net/serving/cookie/match?party=29&gpp=DBAA&gpp_sid=2:0
[  101428ms] [ERROR] Failed to load resource: the server responded with a status of 403 () @ https://c1.adform.net/serving/cookie/match?party=29&gpp=DBAA&gpp_sid=2:0
[  128660ms] [ERROR] Failed to load resource: the server responded with a status of 403 () @ https://c1.adform.net/serving/cookie/match?party=29&gpp=DBAA&gpp_sid=2:0
[  131196ms] [ERROR] Failed to load resource: the server responded with a status of 403 () @ https://c1.adform.net/serving/cookie/match?party=29&gpp=DBAA&gpp_sid=2:0
[  131423ms] [ERROR] Failed to load resource: the server responded with a status of 403 () @ https://c1.adform.net/serving/cookie/match?party=29&gpp=DBAA&gpp_sid=2:0
[  151076ms] [ERROR] Failed to load resource: net::ERR_TIMED_OUT @ https://t.adx.opera.com/pub/sync?pubid=pub10256699365696&userId=apisAhdaREUAGxdYAAoIuAAA%265378&gdpr=&us_privacy=&gdpr_consent=&gpp=DBAA&gpp_sid=2:0
[  151233ms] [ERROR] Failed to load resource: net::ERR_TIMED_OUT @ https://t.adx.opera.com/pub/sync?pubid=pub10256699365696&userId=apisAhdaREUAGxdYAAoIuAAA%265378&gdpr=&us_privacy=&gdpr_consent=&gpp=DBAA&gpp_sid=2:0
[  158482ms] [ERROR] Failed to load resource: net::ERR_TIMED_OUT @ https://t.adx.opera.com/pub/sync?pubid=pub10256699365696&userId=apisAhdaREUAGxdYAAoIuAAA%265378&gdpr=&us_privacy=&gdpr_consent=&gpp=DBAA&gpp_sid=2:0
[  158658ms] [ERROR] Failed to load resource: the server responded with a status of 403 () @ https://c1.adform.net/serving/cookie/match?party=29&gpp=DBAA&gpp_sid=2:0
[  161278ms] [ERROR] Failed to load resource: the server responded with a status of 403 () @ https://c1.adform.net/serving/cookie/match?party=29&gpp=DBAA&gpp_sid=2:0
[  161506ms] [ERROR] Failed to load resource: the server responded with a status of 403 () @ https://c1.adform.net/serving/cookie/match?party=29&gpp=DBAA&gpp_sid=2:0
[  181029ms] [ERROR] Failed to load resource: net::ERR_TIMED_OUT @ https://t.adx.opera.com/pub/sync?pubid=pub10256699365696&userId=apisAhdaREUAGxdYAAoIuAAA%265378&gdpr=&us_privacy=&gdpr_consent=&gpp=DBAA&gpp_sid=2:0
[  181079ms] [ERROR] Failed to load resource: net::ERR_TIMED_OUT @ https://t.adx.opera.com/pub/sync?pubid=pub10256699365696&userId=apisAhdaREUAGxdYAAoIuAAA%265378&gdpr=&us_privacy=&gdpr_consent=&gpp=DBAA&gpp_sid=2:0
[  188485ms] [ERROR] Failed to load resource: net::ERR_TIMED_OUT @ https://t.adx.opera.com/pub/sync?pubid=pub10256699365696&userId=apisAhdaREUAGxdYAAoIuAAA%265378&gdpr=&us_privacy=&gdpr_consent=&gpp=DBAA&gpp_sid=2:0
[  188622ms] [ERROR] Failed to load resource: the server responded with a status of 403 () @ https://c1.adform.net/serving/cookie/match?party=29&gpp=DBAA&gpp_sid=2:0
[  188699ms] [DIR] SyntaxError @ https://js.ad-score.com/score.min.js?pid=1000943&tt=g:1
[  189977ms] [ERROR] Access to fetch at 'https://us-east.pgammedia.com/pbjs' from origin 'https://dzone.com' has been blocked by CORS policy: No 'Access-Control-Allow-Origin' header is present on the requested resource. @ https://dzone.com/articles/enterprise-architecture-in-ai:0
[  189977ms] [ERROR] Failed to load resource: net::ERR_FAILED @ https://us-east.pgammedia.com/pbjs:0
[   50860ms] [ERROR] Failed to load resource: net::ERR_CONNECTION_CLOSED @ https://cs.lkqd.net/cs?partnerId=59&redirect=https%3A%2F%2Fcm.g.doubleclick.net%2Fpixel%3Fgoogle_nid%3Dlkqd_dbm%26google_hm%3D%24%24rawlkqduserid%7Cbase64%24%24:0
[   51001ms] [ERROR] Failed to load resource: net::ERR_CONNECTION_CLOSED @ https://cs.lkqd.net/cs?partnerId=59&partnerUserId=CAESEBnipAqB64EwmfPMSdVGAoA&gpp=DBAA&gpp_sid=2&google_cver=1:0
[   63035ms] [ERROR] Failed to load resource: net::ERR_CONNECTION_CLOSED @ https://cs.lkqd.net/cs?partnerId=59&redirect=https%3A%2F%2Fcm.g.doubleclick.net%2Fpixel%3Fgoogle_nid%3Dlkqd_dbm%26google_hm%3D%24%24rawlkqduserid%7Cbase64%24%24:0
[   63185ms] [ERROR] Failed to load resource: net::ERR_CONNECTION_CLOSED @ https://cs.lkqd.net/cs?partnerId=59&partnerUserId=CAESEBnipAqB64EwmfPMSdVGAoA&gpp=DBAA&gpp_sid=2&google_cver=1:0
[  113087ms] [ERROR] Failed to load resource: net::ERR_CONNECTION_CLOSED @ https://sync.search.spotxchange.com/partner?adv_id=7025&gpp=DBAA&gpp_sid=2&redir=https%3A%2F%2Fcm.g.doubleclick.net%2Fpixel%3Fgoogle_nid%3Dspotxchange_dbm%26google_hm%3D%24SPOTX_BASE64_USER_ID:0
[  113297ms] [ERROR] Failed to load resource: net::ERR_CONNECTION_CLOSED @ https://sync.search.spotxchange.com/partner?adv_id=7025&gpp=DBAA&gpp_sid=2&uid=CAESEMnAxbEUbSEE-Jpg0Yr4wp8&google_cver=1:0
[    7757ms] [ERROR] Failed to load resource: the server responded with a status of 403 () @ https://c1.adform.net/serving/cookie/match?party=29&gpp=DBAA&gpp_sid=2:0
[   39360ms] [ERROR] Failed to load resource: the server responded with a status of 403 () @ https://c1.adform.net/serving/cookie/match?party=29&gpp=DBAA&gpp_sid=2:0
[   39511ms] [ERROR] Failed to load resource: net::ERR_TIMED_OUT @ https://t.adx.opera.com/pub/sync?pubid=pub10256699365696&userId=apisAhdaREUAGxdYAAoIuAAA%265378&gdpr=&us_privacy=&gdpr_consent=&gpp=&gpp_sid=:0
[   39558ms] [ERROR] Failed to load resource: the server responded with a status of 403 () @ https://c1.adform.net/serving/cookie/match?party=29&gpp=DBAA&gpp_sid=2:0
[   39790ms] [ERROR] Failed to load resource: the server responded with a status of 403 () @ https://c1.adform.net/serving/cookie/match?party=29&gpp=DBAA&gpp_sid=2:0
[   67908ms] [ERROR] Failed to load resource: net::ERR_TIMED_OUT @ https://t.adx.opera.com/pub/sync?pubid=pub10256699365696&userId=apisAhdaREUAGxdYAAoIuAAA%265378&gdpr=&us_privacy=&gdpr_consent=&gpp=DBAA&gpp_sid=2:0
[   69294ms] [ERROR] Failed to load resource: the server responded with a status of 403 () @ https://c1.adform.net/serving/cookie/match?party=29&gpp=DBAA&gpp_sid=2:0
[   69523ms] [ERROR] Failed to load resource: the server responded with a status of 403 () @ https://c1.adform.net/serving/cookie/match?party=29&gpp=DBAA&gpp_sid=2:0
[   69751ms] [ERROR] Failed to load resource: the server responded with a status of 403 () @ https://c1.adform.net/serving/cookie/match?party=29&gpp=DBAA&gpp_sid=2:0
[   89186ms] [ERROR] Failed to load resource: net::ERR_TIMED_OUT @ https://t.adx.opera.com/pub/sync?pubid=pub10256699365696&userId=apisAhdaREUAGxdYAAoIuAAA%265378&gdpr=&us_privacy=&gdpr_consent=&gpp=DBAA&gpp_sid=2:0
[   98554ms] [ERROR] Failed to load resource: the server responded with a status of 403 () @ https://c1.adform.net/serving/cookie/match?party=29&gpp=DBAA&gpp_sid=2:0
[  101199ms] [ERROR] Failed to load resource: the server responded with a status of 403 () @ https://c1.adform.net/serving/cookie/match?party=29&gpp=DBAA&gpp_sid=2:0
[  101428ms] [ERROR] Failed to load resource: the server responded with a status of 403 () @ https://c1.adform.net/serving/cookie/match?party=29&gpp=DBAA&gpp_sid=2:0
[  128660ms] [ERROR] Failed to load resource: the server responded with a status of 403 () @ https://c1.adform.net/serving/cookie/match?party=29&gpp=DBAA&gpp_sid=2:0
[  131196ms] [ERROR] Failed to load resource: the server responded with a status of 403 () @ https://c1.adform.net/serving/cookie/match?party=29&gpp=DBAA&gpp_sid=2:0
[  131423ms] [ERROR] Failed to load resource: the server responded with a status of 403 () @ https://c1.adform.net/serving/cookie/match?party=29&gpp=DBAA&gpp_sid=2:0
[  151076ms] [ERROR] Failed to load resource: net::ERR_TIMED_OUT @ https://t.adx.opera.com/pub/sync?pubid=pub10256699365696&userId=apisAhdaREUAGxdYAAoIuAAA%265378&gdpr=&us_privacy=&gdpr_consent=&gpp=DBAA&gpp_sid=2:0
[  151233ms] [ERROR] Failed to load resource: net::ERR_TIMED_OUT @ https://t.adx.opera.com/pub/sync?pubid=pub10256699365696&userId=apisAhdaREUAGxdYAAoIuAAA%265378&gdpr=&us_privacy=&gdpr_consent=&gpp=DBAA&gpp_sid=2:0
[  158482ms] [ERROR] Failed to load resource: net::ERR_TIMED_OUT @ https://t.adx.opera.com/pub/sync?pubid=pub10256699365696&userId=apisAhdaREUAGxdYAAoIuAAA%265378&gdpr=&us_privacy=&gdpr_consent=&gpp=DBAA&gpp_sid=2:0
[  158658ms] [ERROR] Failed to load resource: the server responded with a status of 403 () @ https://c1.adform.net/serving/cookie/match?party=29&gpp=DBAA&gpp_sid=2:0
[  161278ms] [ERROR] Failed to load resource: the server responded with a status of 403 () @ https://c1.adform.net/serving/cookie/match?party=29&gpp=DBAA&gpp_sid=2:0
[  161506ms] [ERROR] Failed to load resource: the server responded with a status of 403 () @ https://c1.adform.net/serving/cookie/match?party=29&gpp=DBAA&gpp_sid=2:0
[  181029ms] [ERROR] Failed to load resource: net::ERR_TIMED_OUT @ https://t.adx.opera.com/pub/sync?pubid=pub10256699365696&userId=apisAhdaREUAGxdYAAoIuAAA%265378&gdpr=&us_privacy=&gdpr_consent=&gpp=DBAA&gpp_sid=2:0
[  181079ms] [ERROR] Failed to load resource: net::ERR_TIMED_OUT @ https://t.adx.opera.com/pub/sync?pubid=pub10256699365696&userId=apisAhdaREUAGxdYAAoIuAAA%265378&gdpr=&us_privacy=&gdpr_consent=&gpp=DBAA&gpp_sid=2:0
[  188485ms] [ERROR] Failed to load resource: net::ERR_TIMED_OUT @ https://t.adx.opera.com/pub/sync?pubid=pub10256699365696&userId=apisAhdaREUAGxdYAAoIuAAA%265378&gdpr=&us_privacy=&gdpr_consent=&gpp=DBAA&gpp_sid=2:0
[  188622ms] [ERROR] Failed to load resource: the server responded with a status of 403 () @ https://c1.adform.net/serving/cookie/match?party=29&gpp=DBAA&gpp_sid=2:0
[   50860ms] [ERROR] Failed to load resource: net::ERR_CONNECTION_CLOSED @ https://cs.lkqd.net/cs?partnerId=59&redirect=https%3A%2F%2Fcm.g.doubleclick.net%2Fpixel%3Fgoogle_nid%3Dlkqd_dbm%26google_hm%3D%24%24rawlkqduserid%7Cbase64%24%24:0
[   51001ms] [ERROR] Failed to load resource: net::ERR_CONNECTION_CLOSED @ https://cs.lkqd.net/cs?partnerId=59&partnerUserId=CAESEBnipAqB64EwmfPMSdVGAoA&gpp=DBAA&gpp_sid=2&google_cver=1:0
[   63035ms] [ERROR] Failed to load resource: net::ERR_CONNECTION_CLOSED @ https://cs.lkqd.net/cs?partnerId=59&redirect=https%3A%2F%2Fcm.g.doubleclick.net%2Fpixel%3Fgoogle_nid%3Dlkqd_dbm%26google_hm%3D%24%24rawlkqduserid%7Cbase64%24%24:0
[   63185ms] [ERROR] Failed to load resource: net::ERR_CONNECTION_CLOSED @ https://cs.lkqd.net/cs?partnerId=59&partnerUserId=CAESEBnipAqB64EwmfPMSdVGAoA&gpp=DBAA&gpp_sid=2&google_cver=1:0
[  113087ms] [ERROR] Failed to load resource: net::ERR_CONNECTION_CLOSED @ https://sync.search.spotxchange.com/partner?adv_id=7025&gpp=DBAA&gpp_sid=2&redir=https%3A%2F%2Fcm.g.doubleclick.net%2Fpixel%3Fgoogle_nid%3Dspotxchange_dbm%26google_hm%3D%24SPOTX_BASE64_USER_ID:0
[  113297ms] [ERROR] Failed to load resource: net::ERR_CONNECTION_CLOSED @ https://sync.search.spotxchange.com/partner?adv_id=7025&gpp=DBAA&gpp_sid=2&uid=CAESEMnAxbEUbSEE-Jpg0Yr4wp8&google_cver=1:0
[    7757ms] [ERROR] Failed to load resource: the server responded with a status of 403 () @ https://c1.adform.net/serving/cookie/match?party=29&gpp=DBAA&gpp_sid=2:0
[   39360ms] [ERROR] Failed to load resource: the server responded with a status of 403 () @ https://c1.adform.net/serving/cookie/match?party=29&gpp=DBAA&gpp_sid=2:0
[   39511ms] [ERROR] Failed to load resource: net::ERR_TIMED_OUT @ https://t.adx.opera.com/pub/sync?pubid=pub10256699365696&userId=apisAhdaREUAGxdYAAoIuAAA%265378&gdpr=&us_privacy=&gdpr_consent=&gpp=&gpp_sid=:0
[   39558ms] [ERROR] Failed to load resource: the server responded with a status of 403 () @ https://c1.adform.net/serving/cookie/match?party=29&gpp=DBAA&gpp_sid=2:0
[   39790ms] [ERROR] Failed to load resource: the server responded with a status of 403 () @ https://c1.adform.net/serving/cookie/match?party=29&gpp=DBAA&gpp_sid=2:0
[   67908ms] [ERROR] Failed to load resource: net::ERR_TIMED_OUT @ https://t.adx.opera.com/pub/sync?pubid=pub10256699365696&userId=apisAhdaREUAGxdYAAoIuAAA%265378&gdpr=&us_privacy=&gdpr_consent=&gpp=DBAA&gpp_sid=2:0
[   69294ms] [ERROR] Failed to load resource: the server responded with a status of 403 () @ https://c1.adform.net/serving/cookie/match?party=29&gpp=DBAA&gpp_sid=2:0
[   69523ms] [ERROR] Failed to load resource: the server responded with a status of 403 () @ https://c1.adform.net/serving/cookie/match?party=29&gpp=DBAA&gpp_sid=2:0
[   69751ms] [ERROR] Failed to load resource: the server responded with a status of 403 () @ https://c1.adform.net/serving/cookie/match?party=29&gpp=DBAA&gpp_sid=2:0
[   89186ms] [ERROR] Failed to load resource: net::ERR_TIMED_OUT @ https://t.adx.opera.com/pub/sync?pubid=pub10256699365696&userId=apisAhdaREUAGxdYAAoIuAAA%265378&gdpr=&us_privacy=&gdpr_consent=&gpp=DBAA&gpp_sid=2:0
[   98554ms] [ERROR] Failed to load resource: the server responded with a status of 403 () @ https://c1.adform.net/serving/cookie/match?party=29&gpp=DBAA&gpp_sid=2:0
[  101199ms] [ERROR] Failed to load resource: the server responded with a status of 403 () @ https://c1.adform.net/serving/cookie/match?party=29&gpp=DBAA&gpp_sid=2:0
[  101428ms] [ERROR] Failed to load resource: the server responded with a status of 403 () @ https://c1.adform.net/serving/cookie/match?party=29&gpp=DBAA&gpp_sid=2:0
[  128660ms] [ERROR] Failed to load resource: the server responded with a status of 403 () @ https://c1.adform.net/serving/cookie/match?party=29&gpp=DBAA&gpp_sid=2:0
[  131196ms] [ERROR] Failed to load resource: the server responded with a status of 403 () @ https://c1.adform.net/serving/cookie/match?party=29&gpp=DBAA&gpp_sid=2:0
[  131423ms] [ERROR] Failed to load resource: the server responded with a status of 403 () @ https://c1.adform.net/serving/cookie/match?party=29&gpp=DBAA&gpp_sid=2:0
[  151076ms] [ERROR] Failed to load resource: net::ERR_TIMED_OUT @ https://t.adx.opera.com/pub/sync?pubid=pub10256699365696&userId=apisAhdaREUAGxdYAAoIuAAA%265378&gdpr=&us_privacy=&gdpr_consent=&gpp=DBAA&gpp_sid=2:0
[  151233ms] [ERROR] Failed to load resource: net::ERR_TIMED_OUT @ https://t.adx.opera.com/pub/sync?pubid=pub10256699365696&userId=apisAhdaREUAGxdYAAoIuAAA%265378&gdpr=&us_privacy=&gdpr_consent=&gpp=DBAA&gpp_sid=2:0
[  158482ms] [ERROR] Failed to load resource: net::ERR_TIMED_OUT @ https://t.adx.opera.com/pub/sync?pubid=pub10256699365696&userId=apisAhdaREUAGxdYAAoIuAAA%265378&gdpr=&us_privacy=&gdpr_consent=&gpp=DBAA&gpp_sid=2:0
[  158658ms] [ERROR] Failed to load resource: the server responded with a status of 403 () @ https://c1.adform.net/serving/cookie/match?party=29&gpp=DBAA&gpp_sid=2:0
[  161278ms] [ERROR] Failed to load resource: the server responded with a status of 403 () @ https://c1.adform.net/serving/cookie/match?party=29&gpp=DBAA&gpp_sid=2:0
[  161506ms] [ERROR] Failed to load resource: the server responded with a status of 403 () @ https://c1.adform.net/serving/cookie/match?party=29&gpp=DBAA&gpp_sid=2:0
[  181029ms] [ERROR] Failed to load resource: net::ERR_TIMED_OUT @ https://t.adx.opera.com/pub/sync?pubid=pub10256699365696&userId=apisAhdaREUAGxdYAAoIuAAA%265378&gdpr=&us_privacy=&gdpr_consent=&gpp=DBAA&gpp_sid=2:0
[  181079ms] [ERROR] Failed to load resource: net::ERR_TIMED_OUT @ https://t.adx.opera.com/pub/sync?pubid=pub10256699365696&userId=apisAhdaREUAGxdYAAoIuAAA%265378&gdpr=&us_privacy=&gdpr_consent=&gpp=DBAA&gpp_sid=2:0
[  188485ms] [ERROR] Failed to load resource: net::ERR_TIMED_OUT @ https://t.adx.opera.com/pub/sync?pubid=pub10256699365696&userId=apisAhdaREUAGxdYAAoIuAAA%265378&gdpr=&us_privacy=&gdpr_consent=&gpp=DBAA&gpp_sid=2:0
[  188622ms] [ERROR] Failed to load resource: the server responded with a status of 403 () @ https://c1.adform.net/serving/cookie/match?party=29&gpp=DBAA&gpp_sid=2:0
[  191048ms] [ERROR] Failed to load resource: the server responded with a status of 403 () @ https://c1.adform.net/serving/cookie/match?party=29&gpp=DBAA&gpp_sid=2:0
[  191180ms] [DIR] SyntaxError @ https://js.ad-score.com/score.min.js?pid=1000943&tt=g:1
[  191277ms] [ERROR] Failed to load resource: the server responded with a status of 403 () @ https://c1.adform.net/serving/cookie/match?party=29&gpp=DBAA&gpp_sid=2:0
[  191318ms] [DIR] SyntaxError @ https://js.ad-score.com/score.min.js?pid=1000943&tt=g:1
[  211036ms] [ERROR] Failed to load resource: net::ERR_TIMED_OUT @ https://t.adx.opera.com/pub/sync?pubid=pub10256699365696&userId=apisAhdaREUAGxdYAAoIuAAA%265378&gdpr=&us_privacy=&gdpr_consent=&gpp=DBAA&gpp_sid=2:0
[  211083ms] [ERROR] Failed to load resource: net::ERR_TIMED_OUT @ https://t.adx.opera.com/pub/sync?pubid=pub10256699365696&userId=apisAhdaREUAGxdYAAoIuAAA%265378&gdpr=&us_privacy=&gdpr_consent=&gpp=DBAA&gpp_sid=2:0
[  216924ms] [ERROR] Access to fetch at 'https://us-east.pgammedia.com/pbjs' from origin 'https://dzone.com' has been blocked by CORS policy: No 'Access-Control-Allow-Origin' header is present on the requested resource. @ https://dzone.com/articles/enterprise-architecture-in-ai:0
[  216924ms] [ERROR] Failed to load resource: net::ERR_FAILED @ https://us-east.pgammedia.com/pbjs:0
[   50860ms] [ERROR] Failed to load resource: net::ERR_CONNECTION_CLOSED @ https://cs.lkqd.net/cs?partnerId=59&redirect=https%3A%2F%2Fcm.g.doubleclick.net%2Fpixel%3Fgoogle_nid%3Dlkqd_dbm%26google_hm%3D%24%24rawlkqduserid%7Cbase64%24%24:0
[   51001ms] [ERROR] Failed to load resource: net::ERR_CONNECTION_CLOSED @ https://cs.lkqd.net/cs?partnerId=59&partnerUserId=CAESEBnipAqB64EwmfPMSdVGAoA&gpp=DBAA&gpp_sid=2&google_cver=1:0
[   63035ms] [ERROR] Failed to load resource: net::ERR_CONNECTION_CLOSED @ https://cs.lkqd.net/cs?partnerId=59&redirect=https%3A%2F%2Fcm.g.doubleclick.net%2Fpixel%3Fgoogle_nid%3Dlkqd_dbm%26google_hm%3D%24%24rawlkqduserid%7Cbase64%24%24:0
[   63185ms] [ERROR] Failed to load resource: net::ERR_CONNECTION_CLOSED @ https://cs.lkqd.net/cs?partnerId=59&partnerUserId=CAESEBnipAqB64EwmfPMSdVGAoA&gpp=DBAA&gpp_sid=2&google_cver=1:0
[  113087ms] [ERROR] Failed to load resource: net::ERR_CONNECTION_CLOSED @ https://sync.search.spotxchange.com/partner?adv_id=7025&gpp=DBAA&gpp_sid=2&redir=https%3A%2F%2Fcm.g.doubleclick.net%2Fpixel%3Fgoogle_nid%3Dspotxchange_dbm%26google_hm%3D%24SPOTX_BASE64_USER_ID:0
[  113297ms] [ERROR] Failed to load resource: net::ERR_CONNECTION_CLOSED @ https://sync.search.spotxchange.com/partner?adv_id=7025&gpp=DBAA&gpp_sid=2&uid=CAESEMnAxbEUbSEE-Jpg0Yr4wp8&google_cver=1:0
[    7757ms] [ERROR] Failed to load resource: the server responded with a status of 403 () @ https://c1.adform.net/serving/cookie/match?party=29&gpp=DBAA&gpp_sid=2:0
[   39360ms] [ERROR] Failed to load resource: the server responded with a status of 403 () @ https://c1.adform.net/serving/cookie/match?party=29&gpp=DBAA&gpp_sid=2:0
[   39511ms] [ERROR] Failed to load resource: net::ERR_TIMED_OUT @ https://t.adx.opera.com/pub/sync?pubid=pub10256699365696&userId=apisAhdaREUAGxdYAAoIuAAA%265378&gdpr=&us_privacy=&gdpr_consent=&gpp=&gpp_sid=:0
[   39558ms] [ERROR] Failed to load resource: the server responded with a status of 403 () @ https://c1.adform.net/serving/cookie/match?party=29&gpp=DBAA&gpp_sid=2:0
[   39790ms] [ERROR] Failed to load resource: the server responded with a status of 403 () @ https://c1.adform.net/serving/cookie/match?party=29&gpp=DBAA&gpp_sid=2:0
[   67908ms] [ERROR] Failed to load resource: net::ERR_TIMED_OUT @ https://t.adx.opera.com/pub/sync?pubid=pub10256699365696&userId=apisAhdaREUAGxdYAAoIuAAA%265378&gdpr=&us_privacy=&gdpr_consent=&gpp=DBAA&gpp_sid=2:0
[   69294ms] [ERROR] Failed to load resource: the server responded with a status of 403 () @ https://c1.adform.net/serving/cookie/match?party=29&gpp=DBAA&gpp_sid=2:0
[   69523ms] [ERROR] Failed to load resource: the server responded with a status of 403 () @ https://c1.adform.net/serving/cookie/match?party=29&gpp=DBAA&gpp_sid=2:0
[   69751ms] [ERROR] Failed to load resource: the server responded with a status of 403 () @ https://c1.adform.net/serving/cookie/match?party=29&gpp=DBAA&gpp_sid=2:0
[   89186ms] [ERROR] Failed to load resource: net::ERR_TIMED_OUT @ https://t.adx.opera.com/pub/sync?pubid=pub10256699365696&userId=apisAhdaREUAGxdYAAoIuAAA%265378&gdpr=&us_privacy=&gdpr_consent=&gpp=DBAA&gpp_sid=2:0
[   98554ms] [ERROR] Failed to load resource: the server responded with a status of 403 () @ https://c1.adform.net/serving/cookie/match?party=29&gpp=DBAA&gpp_sid=2:0
[  101199ms] [ERROR] Failed to load resource: the server responded with a status of 403 () @ https://c1.adform.net/serving/cookie/match?party=29&gpp=DBAA&gpp_sid=2:0
[  101428ms] [ERROR] Failed to load resource: the server responded with a status of 403 () @ https://c1.adform.net/serving/cookie/match?party=29&gpp=DBAA&gpp_sid=2:0
[  128660ms] [ERROR] Failed to load resource: the server responded with a status of 403 () @ https://c1.adform.net/serving/cookie/match?party=29&gpp=DBAA&gpp_sid=2:0
[  131196ms] [ERROR] Failed to load resource: the server responded with a status of 403 () @ https://c1.adform.net/serving/cookie/match?party=29&gpp=DBAA&gpp_sid=2:0
[  131423ms] [ERROR] Failed to load resource: the server responded with a status of 403 () @ https://c1.adform.net/serving/cookie/match?party=29&gpp=DBAA&gpp_sid=2:0
[  151076ms] [ERROR] Failed to load resource: net::ERR_TIMED_OUT @ https://t.adx.opera.com/pub/sync?pubid=pub10256699365696&userId=apisAhdaREUAGxdYAAoIuAAA%265378&gdpr=&us_privacy=&gdpr_consent=&gpp=DBAA&gpp_sid=2:0
[  151233ms] [ERROR] Failed to load resource: net::ERR_TIMED_OUT @ https://t.adx.opera.com/pub/sync?pubid=pub10256699365696&userId=apisAhdaREUAGxdYAAoIuAAA%265378&gdpr=&us_privacy=&gdpr_consent=&gpp=DBAA&gpp_sid=2:0
[  158482ms] [ERROR] Failed to load resource: net::ERR_TIMED_OUT @ https://t.adx.opera.com/pub/sync?pubid=pub10256699365696&userId=apisAhdaREUAGxdYAAoIuAAA%265378&gdpr=&us_privacy=&gdpr_consent=&gpp=DBAA&gpp_sid=2:0
[  158658ms] [ERROR] Failed to load resource: the server responded with a status of 403 () @ https://c1.adform.net/serving/cookie/match?party=29&gpp=DBAA&gpp_sid=2:0
[  161278ms] [ERROR] Failed to load resource: the server responded with a status of 403 () @ https://c1.adform.net/serving/cookie/match?party=29&gpp=DBAA&gpp_sid=2:0
[  161506ms] [ERROR] Failed to load resource: the server responded with a status of 403 () @ https://c1.adform.net/serving/cookie/match?party=29&gpp=DBAA&gpp_sid=2:0
[  181029ms] [ERROR] Failed to load resource: net::ERR_TIMED_OUT @ https://t.adx.opera.com/pub/sync?pubid=pub10256699365696&userId=apisAhdaREUAGxdYAAoIuAAA%265378&gdpr=&us_privacy=&gdpr_consent=&gpp=DBAA&gpp_sid=2:0
[  181079ms] [ERROR] Failed to load resource: net::ERR_TIMED_OUT @ https://t.adx.opera.com/pub/sync?pubid=pub10256699365696&userId=apisAhdaREUAGxdYAAoIuAAA%265378&gdpr=&us_privacy=&gdpr_consent=&gpp=DBAA&gpp_sid=2:0
[  188485ms] [ERROR] Failed to load resource: net::ERR_TIMED_OUT @ https://t.adx.opera.com/pub/sync?pubid=pub10256699365696&userId=apisAhdaREUAGxdYAAoIuAAA%265378&gdpr=&us_privacy=&gdpr_consent=&gpp=DBAA&gpp_sid=2:0
[  188622ms] [ERROR] Failed to load resource: the server responded with a status of 403 () @ https://c1.adform.net/serving/cookie/match?party=29&gpp=DBAA&gpp_sid=2:0
[  191048ms] [ERROR] Failed to load resource: the server responded with a status of 403 () @ https://c1.adform.net/serving/cookie/match?party=29&gpp=DBAA&gpp_sid=2:0
[  191277ms] [ERROR] Failed to load resource: the server responded with a status of 403 () @ https://c1.adform.net/serving/cookie/match?party=29&gpp=DBAA&gpp_sid=2:0
[  211036ms] [ERROR] Failed to load resource: net::ERR_TIMED_OUT @ https://t.adx.opera.com/pub/sync?pubid=pub10256699365696&userId=apisAhdaREUAGxdYAAoIuAAA%265378&gdpr=&us_privacy=&gdpr_consent=&gpp=DBAA&gpp_sid=2:0
[  211083ms] [ERROR] Failed to load resource: net::ERR_TIMED_OUT @ https://t.adx.opera.com/pub/sync?pubid=pub10256699365696&userId=apisAhdaREUAGxdYAAoIuAAA%265378&gdpr=&us_privacy=&gdpr_consent=&gpp=DBAA&gpp_sid=2:0
[  218489ms] [ERROR] Failed to load resource: net::ERR_TIMED_OUT @ https://t.adx.opera.com/pub/sync?pubid=pub10256699365696&userId=apisAhdaREUAGxdYAAoIuAAA%265378&gdpr=&us_privacy=&gdpr_consent=&gpp=DBAA&gpp_sid=2:0
[  218537ms] [ERROR] Failed to load resource: the server responded with a status of 403 () @ https://c1.adform.net/serving/cookie/match?party=29&gpp=DBAA&gpp_sid=2:0
[  218661ms] [DIR] SyntaxError @ https://js.ad-score.com/score.min.js?pid=1000943&tt=g:1
[  220830ms] [ERROR] Failed to load resource: net::ERR_TIMED_OUT @ https://ads.yieldmo.com/exptsync?partner_id=dv360&gpp=DBAA&gpp_sid=2:0
[  220957ms] [ERROR] Failed to load resource: net::ERR_TIMED_OUT @ https://ads.yieldmo.com/v000/sync?gpp=DBAA&gpp_sid=2&google_gid=CAESEGkyd1_B--QWM4e2VGAX-Lw&google_cver=1:0
[   50860ms] [ERROR] Failed to load resource: net::ERR_CONNECTION_CLOSED @ https://cs.lkqd.net/cs?partnerId=59&redirect=https%3A%2F%2Fcm.g.doubleclick.net%2Fpixel%3Fgoogle_nid%3Dlkqd_dbm%26google_hm%3D%24%24rawlkqduserid%7Cbase64%24%24:0
[   51001ms] [ERROR] Failed to load resource: net::ERR_CONNECTION_CLOSED @ https://cs.lkqd.net/cs?partnerId=59&partnerUserId=CAESEBnipAqB64EwmfPMSdVGAoA&gpp=DBAA&gpp_sid=2&google_cver=1:0
[   63035ms] [ERROR] Failed to load resource: net::ERR_CONNECTION_CLOSED @ https://cs.lkqd.net/cs?partnerId=59&redirect=https%3A%2F%2Fcm.g.doubleclick.net%2Fpixel%3Fgoogle_nid%3Dlkqd_dbm%26google_hm%3D%24%24rawlkqduserid%7Cbase64%24%24:0
[   63185ms] [ERROR] Failed to load resource: net::ERR_CONNECTION_CLOSED @ https://cs.lkqd.net/cs?partnerId=59&partnerUserId=CAESEBnipAqB64EwmfPMSdVGAoA&gpp=DBAA&gpp_sid=2&google_cver=1:0
[  113087ms] [ERROR] Failed to load resource: net::ERR_CONNECTION_CLOSED @ https://sync.search.spotxchange.com/partner?adv_id=7025&gpp=DBAA&gpp_sid=2&redir=https%3A%2F%2Fcm.g.doubleclick.net%2Fpixel%3Fgoogle_nid%3Dspotxchange_dbm%26google_hm%3D%24SPOTX_BASE64_USER_ID:0
[  113297ms] [ERROR] Failed to load resource: net::ERR_CONNECTION_CLOSED @ https://sync.search.spotxchange.com/partner?adv_id=7025&gpp=DBAA&gpp_sid=2&uid=CAESEMnAxbEUbSEE-Jpg0Yr4wp8&google_cver=1:0
[  220830ms] [ERROR] Failed to load resource: net::ERR_TIMED_OUT @ https://ads.yieldmo.com/exptsync?partner_id=dv360&gpp=DBAA&gpp_sid=2:0
[  220957ms] [ERROR] Failed to load resource: net::ERR_TIMED_OUT @ https://ads.yieldmo.com/v000/sync?gpp=DBAA&gpp_sid=2&google_gid=CAESEGkyd1_B--QWM4e2VGAX-Lw&google_cver=1:0
[   50860ms] [ERROR] Failed to load resource: net::ERR_CONNECTION_CLOSED @ https://cs.lkqd.net/cs?partnerId=59&redirect=https%3A%2F%2Fcm.g.doubleclick.net%2Fpixel%3Fgoogle_nid%3Dlkqd_dbm%26google_hm%3D%24%24rawlkqduserid%7Cbase64%24%24:0
[   51001ms] [ERROR] Failed to load resource: net::ERR_CONNECTION_CLOSED @ https://cs.lkqd.net/cs?partnerId=59&partnerUserId=CAESEBnipAqB64EwmfPMSdVGAoA&gpp=DBAA&gpp_sid=2&google_cver=1:0
[   63035ms] [ERROR] Failed to load resource: net::ERR_CONNECTION_CLOSED @ https://cs.lkqd.net/cs?partnerId=59&redirect=https%3A%2F%2Fcm.g.doubleclick.net%2Fpixel%3Fgoogle_nid%3Dlkqd_dbm%26google_hm%3D%24%24rawlkqduserid%7Cbase64%24%24:0
[   63185ms] [ERROR] Failed to load resource: net::ERR_CONNECTION_CLOSED @ https://cs.lkqd.net/cs?partnerId=59&partnerUserId=CAESEBnipAqB64EwmfPMSdVGAoA&gpp=DBAA&gpp_sid=2&google_cver=1:0
[  113087ms] [ERROR] Failed to load resource: net::ERR_CONNECTION_CLOSED @ https://sync.search.spotxchange.com/partner?adv_id=7025&gpp=DBAA&gpp_sid=2&redir=https%3A%2F%2Fcm.g.doubleclick.net%2Fpixel%3Fgoogle_nid%3Dspotxchange_dbm%26google_hm%3D%24SPOTX_BASE64_USER_ID:0
[  113297ms] [ERROR] Failed to load resource: net::ERR_CONNECTION_CLOSED @ https://sync.search.spotxchange.com/partner?adv_id=7025&gpp=DBAA&gpp_sid=2&uid=CAESEMnAxbEUbSEE-Jpg0Yr4wp8&google_cver=1:0
[  220830ms] [ERROR] Failed to load resource: net::ERR_TIMED_OUT @ https://ads.yieldmo.com/exptsync?partner_id=dv360&gpp=DBAA&gpp_sid=2:0
[  220957ms] [ERROR] Failed to load resource: net::ERR_TIMED_OUT @ https://ads.yieldmo.com/v000/sync?gpp=DBAA&gpp_sid=2&google_gid=CAESEGkyd1_B--QWM4e2VGAX-Lw&google_cver=1:0
[    7757ms] [ERROR] Failed to load resource: the server responded with a status of 403 () @ https://c1.adform.net/serving/cookie/match?party=29&gpp=DBAA&gpp_sid=2:0
[   39360ms] [ERROR] Failed to load resource: the server responded with a status of 403 () @ https://c1.adform.net/serving/cookie/match?party=29&gpp=DBAA&gpp_sid=2:0
[   39511ms] [ERROR] Failed to load resource: net::ERR_TIMED_OUT @ https://t.adx.opera.com/pub/sync?pubid=pub10256699365696&userId=apisAhdaREUAGxdYAAoIuAAA%265378&gdpr=&us_privacy=&gdpr_consent=&gpp=&gpp_sid=:0
[   39558ms] [ERROR] Failed to load resource: the server responded with a status of 403 () @ https://c1.adform.net/serving/cookie/match?party=29&gpp=DBAA&gpp_sid=2:0
[   39790ms] [ERROR] Failed to load resource: the server responded with a status of 403 () @ https://c1.adform.net/serving/cookie/match?party=29&gpp=DBAA&gpp_sid=2:0
[   67908ms] [ERROR] Failed to load resource: net::ERR_TIMED_OUT @ https://t.adx.opera.com/pub/sync?pubid=pub10256699365696&userId=apisAhdaREUAGxdYAAoIuAAA%265378&gdpr=&us_privacy=&gdpr_consent=&gpp=DBAA&gpp_sid=2:0
[   69294ms] [ERROR] Failed to load resource: the server responded with a status of 403 () @ https://c1.adform.net/serving/cookie/match?party=29&gpp=DBAA&gpp_sid=2:0
[   69523ms] [ERROR] Failed to load resource: the server responded with a status of 403 () @ https://c1.adform.net/serving/cookie/match?party=29&gpp=DBAA&gpp_sid=2:0
[   69751ms] [ERROR] Failed to load resource: the server responded with a status of 403 () @ https://c1.adform.net/serving/cookie/match?party=29&gpp=DBAA&gpp_sid=2:0
[   89186ms] [ERROR] Failed to load resource: net::ERR_TIMED_OUT @ https://t.adx.opera.com/pub/sync?pubid=pub10256699365696&userId=apisAhdaREUAGxdYAAoIuAAA%265378&gdpr=&us_privacy=&gdpr_consent=&gpp=DBAA&gpp_sid=2:0
[   98554ms] [ERROR] Failed to load resource: the server responded with a status of 403 () @ https://c1.adform.net/serving/cookie/match?party=29&gpp=DBAA&gpp_sid=2:0
[  101199ms] [ERROR] Failed to load resource: the server responded with a status of 403 () @ https://c1.adform.net/serving/cookie/match?party=29&gpp=DBAA&gpp_sid=2:0
[  101428ms] [ERROR] Failed to load resource: the server responded with a status of 403 () @ https://c1.adform.net/serving/cookie/match?party=29&gpp=DBAA&gpp_sid=2:0
[  128660ms] [ERROR] Failed to load resource: the server responded with a status of 403 () @ https://c1.adform.net/serving/cookie/match?party=29&gpp=DBAA&gpp_sid=2:0
[  131196ms] [ERROR] Failed to load resource: the server responded with a status of 403 () @ https://c1.adform.net/serving/cookie/match?party=29&gpp=DBAA&gpp_sid=2:0
[  131423ms] [ERROR] Failed to load resource: the server responded with a status of 403 () @ https://c1.adform.net/serving/cookie/match?party=29&gpp=DBAA&gpp_sid=2:0
[  151076ms] [ERROR] Failed to load resource: net::ERR_TIMED_OUT @ https://t.adx.opera.com/pub/sync?pubid=pub10256699365696&userId=apisAhdaREUAGxdYAAoIuAAA%265378&gdpr=&us_privacy=&gdpr_consent=&gpp=DBAA&gpp_sid=2:0
[  151233ms] [ERROR] Failed to load resource: net::ERR_TIMED_OUT @ https://t.adx.opera.com/pub/sync?pubid=pub10256699365696&userId=apisAhdaREUAGxdYAAoIuAAA%265378&gdpr=&us_privacy=&gdpr_consent=&gpp=DBAA&gpp_sid=2:0
[  158482ms] [ERROR] Failed to load resource: net::ERR_TIMED_OUT @ https://t.adx.opera.com/pub/sync?pubid=pub10256699365696&userId=apisAhdaREUAGxdYAAoIuAAA%265378&gdpr=&us_privacy=&gdpr_consent=&gpp=DBAA&gpp_sid=2:0
[  158658ms] [ERROR] Failed to load resource: the server responded with a status of 403 () @ https://c1.adform.net/serving/cookie/match?party=29&gpp=DBAA&gpp_sid=2:0
[  161278ms] [ERROR] Failed to load resource: the server responded with a status of 403 () @ https://c1.adform.net/serving/cookie/match?party=29&gpp=DBAA&gpp_sid=2:0
[  161506ms] [ERROR] Failed to load resource: the server responded with a status of 403 () @ https://c1.adform.net/serving/cookie/match?party=29&gpp=DBAA&gpp_sid=2:0
[  181029ms] [ERROR] Failed to load resource: net::ERR_TIMED_OUT @ https://t.adx.opera.com/pub/sync?pubid=pub10256699365696&userId=apisAhdaREUAGxdYAAoIuAAA%265378&gdpr=&us_privacy=&gdpr_consent=&gpp=DBAA&gpp_sid=2:0
[  181079ms] [ERROR] Failed to load resource: net::ERR_TIMED_OUT @ https://t.adx.opera.com/pub/sync?pubid=pub10256699365696&userId=apisAhdaREUAGxdYAAoIuAAA%265378&gdpr=&us_privacy=&gdpr_consent=&gpp=DBAA&gpp_sid=2:0
[  188485ms] [ERROR] Failed to load resource: net::ERR_TIMED_OUT @ https://t.adx.opera.com/pub/sync?pubid=pub10256699365696&userId=apisAhdaREUAGxdYAAoIuAAA%265378&gdpr=&us_privacy=&gdpr_consent=&gpp=DBAA&gpp_sid=2:0
[  188622ms] [ERROR] Failed to load resource: the server responded with a status of 403 () @ https://c1.adform.net/serving/cookie/match?party=29&gpp=DBAA&gpp_sid=2:0
[  191048ms] [ERROR] Failed to load resource: the server responded with a status of 403 () @ https://c1.adform.net/serving/cookie/match?party=29&gpp=DBAA&gpp_sid=2:0
[  191277ms] [ERROR] Failed to load resource: the server responded with a status of 403 () @ https://c1.adform.net/serving/cookie/match?party=29&gpp=DBAA&gpp_sid=2:0
[  211036ms] [ERROR] Failed to load resource: net::ERR_TIMED_OUT @ https://t.adx.opera.com/pub/sync?pubid=pub10256699365696&userId=apisAhdaREUAGxdYAAoIuAAA%265378&gdpr=&us_privacy=&gdpr_consent=&gpp=DBAA&gpp_sid=2:0
[  211083ms] [ERROR] Failed to load resource: net::ERR_TIMED_OUT @ https://t.adx.opera.com/pub/sync?pubid=pub10256699365696&userId=apisAhdaREUAGxdYAAoIuAAA%265378&gdpr=&us_privacy=&gdpr_consent=&gpp=DBAA&gpp_sid=2:0
[  218489ms] [ERROR] Failed to load resource: net::ERR_TIMED_OUT @ https://t.adx.opera.com/pub/sync?pubid=pub10256699365696&userId=apisAhdaREUAGxdYAAoIuAAA%265378&gdpr=&us_privacy=&gdpr_consent=&gpp=DBAA&gpp_sid=2:0
[  218537ms] [ERROR] Failed to load resource: the server responded with a status of 403 () @ https://c1.adform.net/serving/cookie/match?party=29&gpp=DBAA&gpp_sid=2:0
[    7757ms] [ERROR] Failed to load resource: the server responded with a status of 403 () @ https://c1.adform.net/serving/cookie/match?party=29&gpp=DBAA&gpp_sid=2:0
[   39360ms] [ERROR] Failed to load resource: the server responded with a status of 403 () @ https://c1.adform.net/serving/cookie/match?party=29&gpp=DBAA&gpp_sid=2:0
[   39511ms] [ERROR] Failed to load resource: net::ERR_TIMED_OUT @ https://t.adx.opera.com/pub/sync?pubid=pub10256699365696&userId=apisAhdaREUAGxdYAAoIuAAA%265378&gdpr=&us_privacy=&gdpr_consent=&gpp=&gpp_sid=:0
[   39558ms] [ERROR] Failed to load resource: the server responded with a status of 403 () @ https://c1.adform.net/serving/cookie/match?party=29&gpp=DBAA&gpp_sid=2:0
[   39790ms] [ERROR] Failed to load resource: the server responded with a status of 403 () @ https://c1.adform.net/serving/cookie/match?party=29&gpp=DBAA&gpp_sid=2:0
[   67908ms] [ERROR] Failed to load resource: net::ERR_TIMED_OUT @ https://t.adx.opera.com/pub/sync?pubid=pub10256699365696&userId=apisAhdaREUAGxdYAAoIuAAA%265378&gdpr=&us_privacy=&gdpr_consent=&gpp=DBAA&gpp_sid=2:0
[   69294ms] [ERROR] Failed to load resource: the server responded with a status of 403 () @ https://c1.adform.net/serving/cookie/match?party=29&gpp=DBAA&gpp_sid=2:0
[   69523ms] [ERROR] Failed to load resource: the server responded with a status of 403 () @ https://c1.adform.net/serving/cookie/match?party=29&gpp=DBAA&gpp_sid=2:0
[   69751ms] [ERROR] Failed to load resource: the server responded with a status of 403 () @ https://c1.adform.net/serving/cookie/match?party=29&gpp=DBAA&gpp_sid=2:0
[   89186ms] [ERROR] Failed to load resource: net::ERR_TIMED_OUT @ https://t.adx.opera.com/pub/sync?pubid=pub10256699365696&userId=apisAhdaREUAGxdYAAoIuAAA%265378&gdpr=&us_privacy=&gdpr_consent=&gpp=DBAA&gpp_sid=2:0
[   98554ms] [ERROR] Failed to load resource: the server responded with a status of 403 () @ https://c1.adform.net/serving/cookie/match?party=29&gpp=DBAA&gpp_sid=2:0
[  101199ms] [ERROR] Failed to load resource: the server responded with a status of 403 () @ https://c1.adform.net/serving/cookie/match?party=29&gpp=DBAA&gpp_sid=2:0
[  101428ms] [ERROR] Failed to load resource: the server responded with a status of 403 () @ https://c1.adform.net/serving/cookie/match?party=29&gpp=DBAA&gpp_sid=2:0
[  128660ms] [ERROR] Failed to load resource: the server responded with a status of 403 () @ https://c1.adform.net/serving/cookie/match?party=29&gpp=DBAA&gpp_sid=2:0
[  131196ms] [ERROR] Failed to load resource: the server responded with a status of 403 () @ https://c1.adform.net/serving/cookie/match?party=29&gpp=DBAA&gpp_sid=2:0
[  131423ms] [ERROR] Failed to load resource: the server responded with a status of 403 () @ https://c1.adform.net/serving/cookie/match?party=29&gpp=DBAA&gpp_sid=2:0
[  151076ms] [ERROR] Failed to load resource: net::ERR_TIMED_OUT @ https://t.adx.opera.com/pub/sync?pubid=pub10256699365696&userId=apisAhdaREUAGxdYAAoIuAAA%265378&gdpr=&us_privacy=&gdpr_consent=&gpp=DBAA&gpp_sid=2:0
[  151233ms] [ERROR] Failed to load resource: net::ERR_TIMED_OUT @ https://t.adx.opera.com/pub/sync?pubid=pub10256699365696&userId=apisAhdaREUAGxdYAAoIuAAA%265378&gdpr=&us_privacy=&gdpr_consent=&gpp=DBAA&gpp_sid=2:0
[  158482ms] [ERROR] Failed to load resource: net::ERR_TIMED_OUT @ https://t.adx.opera.com/pub/sync?pubid=pub10256699365696&userId=apisAhdaREUAGxdYAAoIuAAA%265378&gdpr=&us_privacy=&gdpr_consent=&gpp=DBAA&gpp_sid=2:0
[  158658ms] [ERROR] Failed to load resource: the server responded with a status of 403 () @ https://c1.adform.net/serving/cookie/match?party=29&gpp=DBAA&gpp_sid=2:0
[  161278ms] [ERROR] Failed to load resource: the server responded with a status of 403 () @ https://c1.adform.net/serving/cookie/match?party=29&gpp=DBAA&gpp_sid=2:0
[  161506ms] [ERROR] Failed to load resource: the server responded with a status of 403 () @ https://c1.adform.net/serving/cookie/match?party=29&gpp=DBAA&gpp_sid=2:0
[  181029ms] [ERROR] Failed to load resource: net::ERR_TIMED_OUT @ https://t.adx.opera.com/pub/sync?pubid=pub10256699365696&userId=apisAhdaREUAGxdYAAoIuAAA%265378&gdpr=&us_privacy=&gdpr_consent=&gpp=DBAA&gpp_sid=2:0
[  181079ms] [ERROR] Failed to load resource: net::ERR_TIMED_OUT @ https://t.adx.opera.com/pub/sync?pubid=pub10256699365696&userId=apisAhdaREUAGxdYAAoIuAAA%265378&gdpr=&us_privacy=&gdpr_consent=&gpp=DBAA&gpp_sid=2:0
[  188485ms] [ERROR] Failed to load resource: net::ERR_TIMED_OUT @ https://t.adx.opera.com/pub/sync?pubid=pub10256699365696&userId=apisAhdaREUAGxdYAAoIuAAA%265378&gdpr=&us_privacy=&gdpr_consent=&gpp=DBAA&gpp_sid=2:0
[  188622ms] [ERROR] Failed to load resource: the server responded with a status of 403 () @ https://c1.adform.net/serving/cookie/match?party=29&gpp=DBAA&gpp_sid=2:0
[  191048ms] [ERROR] Failed to load resource: the server responded with a status of 403 () @ https://c1.adform.net/serving/cookie/match?party=29&gpp=DBAA&gpp_sid=2:0
[  191277ms] [ERROR] Failed to load resource: the server responded with a status of 403 () @ https://c1.adform.net/serving/cookie/match?party=29&gpp=DBAA&gpp_sid=2:0
[  211036ms] [ERROR] Failed to load resource: net::ERR_TIMED_OUT @ https://t.adx.opera.com/pub/sync?pubid=pub10256699365696&userId=apisAhdaREUAGxdYAAoIuAAA%265378&gdpr=&us_privacy=&gdpr_consent=&gpp=DBAA&gpp_sid=2:0
[  211083ms] [ERROR] Failed to load resource: net::ERR_TIMED_OUT @ https://t.adx.opera.com/pub/sync?pubid=pub10256699365696&userId=apisAhdaREUAGxdYAAoIuAAA%265378&gdpr=&us_privacy=&gdpr_consent=&gpp=DBAA&gpp_sid=2:0
[  218489ms] [ERROR] Failed to load resource: net::ERR_TIMED_OUT @ https://t.adx.opera.com/pub/sync?pubid=pub10256699365696&userId=apisAhdaREUAGxdYAAoIuAAA%265378&gdpr=&us_privacy=&gdpr_consent=&gpp=DBAA&gpp_sid=2:0
[  218537ms] [ERROR] Failed to load resource: the server responded with a status of 403 () @ https://c1.adform.net/serving/cookie/match?party=29&gpp=DBAA&gpp_sid=2:0
[  222329ms] [ERROR] Failed to load resource: the server responded with a status of 403 () @ https://c1.adform.net/serving/cookie/match?party=29&gpp=DBAA&gpp_sid=2:0
[  222447ms] [DIR] SyntaxError @ https://js.ad-score.com/score.min.js?pid=1000943&tt=g:1
[  222559ms] [ERROR] Failed to load resource: the server responded with a status of 403 () @ https://c1.adform.net/serving/cookie/match?party=29&gpp=DBAA&gpp_sid=2:0
[  222576ms] [DIR] SyntaxError @ https://js.ad-score.com/score.min.js?pid=1000943&tt=g:1
[  234145ms] [ERROR] Failed to load resource: net::ERR_CONNECTION_CLOSED @ https://cookie-sync.api.soundcast.fm/v1/esync?url=https%3A%2F%2Fcm.g.doubleclick.net%2Fpixel%3Fgoogle_nid%3Dsoundcast_dbm%26google_hm%3D%24UID&gpp=DBAA&gpp_sid=2:0
[  240877ms] [ERROR] Failed to load resource: net::ERR_TIMED_OUT @ https://t.adx.opera.com/pub/sync?pubid=pub10256699365696&userId=apisAhdaREUAGxdYAAoIuAAA%265378&gdpr=&us_privacy=&gdpr_consent=&gpp=DBAA&gpp_sid=2:0
[  241038ms] [ERROR] Failed to load resource: net::ERR_TIMED_OUT @ https://t.adx.opera.com/pub/sync?pubid=pub10256699365696&userId=apisAhdaREUAGxdYAAoIuAAA%265378&gdpr=&us_privacy=&gdpr_consent=&gpp=DBAA&gpp_sid=2:0
[  246939ms] [ERROR] Access to fetch at 'https://us-east.pgammedia.com/pbjs' from origin 'https://dzone.com' has been blocked by CORS policy: No 'Access-Control-Allow-Origin' header is present on the requested resource. @ https://dzone.com/articles/enterprise-architecture-in-ai:0
[  246939ms] [ERROR] Failed to load resource: net::ERR_FAILED @ https://us-east.pgammedia.com/pbjs:0
[  248492ms] [ERROR] Failed to load resource: net::ERR_TIMED_OUT @ https://t.adx.opera.com/pub/sync?pubid=pub10256699365696&userId=apisAhdaREUAGxdYAAoIuAAA%265378&gdpr=&us_privacy=&gdpr_consent=&gpp=DBAA&gpp_sid=2:0
[  248578ms] [INFO] Powered by AMP ⚡ HTML – Version 2607210106000 https://dzone.com/articles/enterprise-architecture-in-ai @ https://cdn.ampproject.org/rtv/012607210106000/amp4ads-v0.mjs:1
[  252940ms] [ERROR] Access to fetch at 'https://us-east.pgammedia.com/pbjs' from origin 'https://dzone.com' has been blocked by CORS policy: No 'Access-Control-Allow-Origin' header is present on the requested resource. @ https://dzone.com/articles/enterprise-architecture-in-ai:0
[  252941ms] [ERROR] Failed to load resource: net::ERR_FAILED @ https://us-east.pgammedia.com/pbjs:0
[   50860ms] [ERROR] Failed to load resource: net::ERR_CONNECTION_CLOSED @ https://cs.lkqd.net/cs?partnerId=59&redirect=https%3A%2F%2Fcm.g.doubleclick.net%2Fpixel%3Fgoogle_nid%3Dlkqd_dbm%26google_hm%3D%24%24rawlkqduserid%7Cbase64%24%24:0
[   51001ms] [ERROR] Failed to load resource: net::ERR_CONNECTION_CLOSED @ https://cs.lkqd.net/cs?partnerId=59&partnerUserId=CAESEBnipAqB64EwmfPMSdVGAoA&gpp=DBAA&gpp_sid=2&google_cver=1:0
[   63035ms] [ERROR] Failed to load resource: net::ERR_CONNECTION_CLOSED @ https://cs.lkqd.net/cs?partnerId=59&redirect=https%3A%2F%2Fcm.g.doubleclick.net%2Fpixel%3Fgoogle_nid%3Dlkqd_dbm%26google_hm%3D%24%24rawlkqduserid%7Cbase64%24%24:0
[   63185ms] [ERROR] Failed to load resource: net::ERR_CONNECTION_CLOSED @ https://cs.lkqd.net/cs?partnerId=59&partnerUserId=CAESEBnipAqB64EwmfPMSdVGAoA&gpp=DBAA&gpp_sid=2&google_cver=1:0
[  113087ms] [ERROR] Failed to load resource: net::ERR_CONNECTION_CLOSED @ https://sync.search.spotxchange.com/partner?adv_id=7025&gpp=DBAA&gpp_sid=2&redir=https%3A%2F%2Fcm.g.doubleclick.net%2Fpixel%3Fgoogle_nid%3Dspotxchange_dbm%26google_hm%3D%24SPOTX_BASE64_USER_ID:0
[  113297ms] [ERROR] Failed to load resource: net::ERR_CONNECTION_CLOSED @ https://sync.search.spotxchange.com/partner?adv_id=7025&gpp=DBAA&gpp_sid=2&uid=CAESEMnAxbEUbSEE-Jpg0Yr4wp8&google_cver=1:0
[  220830ms] [ERROR] Failed to load resource: net::ERR_TIMED_OUT @ https://ads.yieldmo.com/exptsync?partner_id=dv360&gpp=DBAA&gpp_sid=2:0
[  220957ms] [ERROR] Failed to load resource: net::ERR_TIMED_OUT @ https://ads.yieldmo.com/v000/sync?gpp=DBAA&gpp_sid=2&google_gid=CAESEGkyd1_B--QWM4e2VGAX-Lw&google_cver=1:0
[  234145ms] [ERROR] Failed to load resource: net::ERR_CONNECTION_CLOSED @ https://cookie-sync.api.soundcast.fm/v1/esync?url=https%3A%2F%2Fcm.g.doubleclick.net%2Fpixel%3Fgoogle_nid%3Dsoundcast_dbm%26google_hm%3D%24UID&gpp=DBAA&gpp_sid=2:0
[   50860ms] [ERROR] Failed to load resource: net::ERR_CONNECTION_CLOSED @ https://cs.lkqd.net/cs?partnerId=59&redirect=https%3A%2F%2Fcm.g.doubleclick.net%2Fpixel%3Fgoogle_nid%3Dlkqd_dbm%26google_hm%3D%24%24rawlkqduserid%7Cbase64%24%24:0
[   51001ms] [ERROR] Failed to load resource: net::ERR_CONNECTION_CLOSED @ https://cs.lkqd.net/cs?partnerId=59&partnerUserId=CAESEBnipAqB64EwmfPMSdVGAoA&gpp=DBAA&gpp_sid=2&google_cver=1:0
[   63035ms] [ERROR] Failed to load resource: net::ERR_CONNECTION_CLOSED @ https://cs.lkqd.net/cs?partnerId=59&redirect=https%3A%2F%2Fcm.g.doubleclick.net%2Fpixel%3Fgoogle_nid%3Dlkqd_dbm%26google_hm%3D%24%24rawlkqduserid%7Cbase64%24%24:0
[   63185ms] [ERROR] Failed to load resource: net::ERR_CONNECTION_CLOSED @ https://cs.lkqd.net/cs?partnerId=59&partnerUserId=CAESEBnipAqB64EwmfPMSdVGAoA&gpp=DBAA&gpp_sid=2&google_cver=1:0
[  113087ms] [ERROR] Failed to load resource: net::ERR_CONNECTION_CLOSED @ https://sync.search.spotxchange.com/partner?adv_id=7025&gpp=DBAA&gpp_sid=2&redir=https%3A%2F%2Fcm.g.doubleclick.net%2Fpixel%3Fgoogle_nid%3Dspotxchange_dbm%26google_hm%3D%24SPOTX_BASE64_USER_ID:0
[  113297ms] [ERROR] Failed to load resource: net::ERR_CONNECTION_CLOSED @ https://sync.search.spotxchange.com/partner?adv_id=7025&gpp=DBAA&gpp_sid=2&uid=CAESEMnAxbEUbSEE-Jpg0Yr4wp8&google_cver=1:0
[  220830ms] [ERROR] Failed to load resource: net::ERR_TIMED_OUT @ https://ads.yieldmo.com/exptsync?partner_id=dv360&gpp=DBAA&gpp_sid=2:0
[  220957ms] [ERROR] Failed to load resource: net::ERR_TIMED_OUT @ https://ads.yieldmo.com/v000/sync?gpp=DBAA&gpp_sid=2&google_gid=CAESEGkyd1_B--QWM4e2VGAX-Lw&google_cver=1:0
[  234145ms] [ERROR] Failed to load resource: net::ERR_CONNECTION_CLOSED @ https://cookie-sync.api.soundcast.fm/v1/esync?url=https%3A%2F%2Fcm.g.doubleclick.net%2Fpixel%3Fgoogle_nid%3Dsoundcast_dbm%26google_hm%3D%24UID&gpp=DBAA&gpp_sid=2:0
[    7757ms] [ERROR] Failed to load resource: the server responded with a status of 403 () @ https://c1.adform.net/serving/cookie/match?party=29&gpp=DBAA&gpp_sid=2:0
[   39360ms] [ERROR] Failed to load resource: the server responded with a status of 403 () @ https://c1.adform.net/serving/cookie/match?party=29&gpp=DBAA&gpp_sid=2:0
[   39511ms] [ERROR] Failed to load resource: net::ERR_TIMED_OUT @ https://t.adx.opera.com/pub/sync?pubid=pub10256699365696&userId=apisAhdaREUAGxdYAAoIuAAA%265378&gdpr=&us_privacy=&gdpr_consent=&gpp=&gpp_sid=:0
[   39558ms] [ERROR] Failed to load resource: the server responded with a status of 403 () @ https://c1.adform.net/serving/cookie/match?party=29&gpp=DBAA&gpp_sid=2:0
[   39790ms] [ERROR] Failed to load resource: the server responded with a status of 403 () @ https://c1.adform.net/serving/cookie/match?party=29&gpp=DBAA&gpp_sid=2:0
[   67908ms] [ERROR] Failed to load resource: net::ERR_TIMED_OUT @ https://t.adx.opera.com/pub/sync?pubid=pub10256699365696&userId=apisAhdaREUAGxdYAAoIuAAA%265378&gdpr=&us_privacy=&gdpr_consent=&gpp=DBAA&gpp_sid=2:0
[   69294ms] [ERROR] Failed to load resource: the server responded with a status of 403 () @ https://c1.adform.net/serving/cookie/match?party=29&gpp=DBAA&gpp_sid=2:0
[   69523ms] [ERROR] Failed to load resource: the server responded with a status of 403 () @ https://c1.adform.net/serving/cookie/match?party=29&gpp=DBAA&gpp_sid=2:0
[   69751ms] [ERROR] Failed to load resource: the server responded with a status of 403 () @ https://c1.adform.net/serving/cookie/match?party=29&gpp=DBAA&gpp_sid=2:0
[   89186ms] [ERROR] Failed to load resource: net::ERR_TIMED_OUT @ https://t.adx.opera.com/pub/sync?pubid=pub10256699365696&userId=apisAhdaREUAGxdYAAoIuAAA%265378&gdpr=&us_privacy=&gdpr_consent=&gpp=DBAA&gpp_sid=2:0
[   98554ms] [ERROR] Failed to load resource: the server responded with a status of 403 () @ https://c1.adform.net/serving/cookie/match?party=29&gpp=DBAA&gpp_sid=2:0
[  101199ms] [ERROR] Failed to load resource: the server responded with a status of 403 () @ https://c1.adform.net/serving/cookie/match?party=29&gpp=DBAA&gpp_sid=2:0
[  101428ms] [ERROR] Failed to load resource: the server responded with a status of 403 () @ https://c1.adform.net/serving/cookie/match?party=29&gpp=DBAA&gpp_sid=2:0
[  128660ms] [ERROR] Failed to load resource: the server responded with a status of 403 () @ https://c1.adform.net/serving/cookie/match?party=29&gpp=DBAA&gpp_sid=2:0
[  131196ms] [ERROR] Failed to load resource: the server responded with a status of 403 () @ https://c1.adform.net/serving/cookie/match?party=29&gpp=DBAA&gpp_sid=2:0
[  131423ms] [ERROR] Failed to load resource: the server responded with a status of 403 () @ https://c1.adform.net/serving/cookie/match?party=29&gpp=DBAA&gpp_sid=2:0
[  151076ms] [ERROR] Failed to load resource: net::ERR_TIMED_OUT @ https://t.adx.opera.com/pub/sync?pubid=pub10256699365696&userId=apisAhdaREUAGxdYAAoIuAAA%265378&gdpr=&us_privacy=&gdpr_consent=&gpp=DBAA&gpp_sid=2:0
[  151233ms] [ERROR] Failed to load resource: net::ERR_TIMED_OUT @ https://t.adx.opera.com/pub/sync?pubid=pub10256699365696&userId=apisAhdaREUAGxdYAAoIuAAA%265378&gdpr=&us_privacy=&gdpr_consent=&gpp=DBAA&gpp_sid=2:0
[  158482ms] [ERROR] Failed to load resource: net::ERR_TIMED_OUT @ https://t.adx.opera.com/pub/sync?pubid=pub10256699365696&userId=apisAhdaREUAGxdYAAoIuAAA%265378&gdpr=&us_privacy=&gdpr_consent=&gpp=DBAA&gpp_sid=2:0
[  158658ms] [ERROR] Failed to load resource: the server responded with a status of 403 () @ https://c1.adform.net/serving/cookie/match?party=29&gpp=DBAA&gpp_sid=2:0
[  161278ms] [ERROR] Failed to load resource: the server responded with a status of 403 () @ https://c1.adform.net/serving/cookie/match?party=29&gpp=DBAA&gpp_sid=2:0
[  161506ms] [ERROR] Failed to load resource: the server responded with a status of 403 () @ https://c1.adform.net/serving/cookie/match?party=29&gpp=DBAA&gpp_sid=2:0
[  181029ms] [ERROR] Failed to load resource: net::ERR_TIMED_OUT @ https://t.adx.opera.com/pub/sync?pubid=pub10256699365696&userId=apisAhdaREUAGxdYAAoIuAAA%265378&gdpr=&us_privacy=&gdpr_consent=&gpp=DBAA&gpp_sid=2:0
[  181079ms] [ERROR] Failed to load resource: net::ERR_TIMED_OUT @ https://t.adx.opera.com/pub/sync?pubid=pub10256699365696&userId=apisAhdaREUAGxdYAAoIuAAA%265378&gdpr=&us_privacy=&gdpr_consent=&gpp=DBAA&gpp_sid=2:0
[  188485ms] [ERROR] Failed to load resource: net::ERR_TIMED_OUT @ https://t.adx.opera.com/pub/sync?pubid=pub10256699365696&userId=apisAhdaREUAGxdYAAoIuAAA%265378&gdpr=&us_privacy=&gdpr_consent=&gpp=DBAA&gpp_sid=2:0
[  188622ms] [ERROR] Failed to load resource: the server responded with a status of 403 () @ https://c1.adform.net/serving/cookie/match?party=29&gpp=DBAA&gpp_sid=2:0
[  191048ms] [ERROR] Failed to load resource: the server responded with a status of 403 () @ https://c1.adform.net/serving/cookie/match?party=29&gpp=DBAA&gpp_sid=2:0
[  191277ms] [ERROR] Failed to load resource: the server responded with a status of 403 () @ https://c1.adform.net/serving/cookie/match?party=29&gpp=DBAA&gpp_sid=2:0
[  211036ms] [ERROR] Failed to load resource: net::ERR_TIMED_OUT @ https://t.adx.opera.com/pub/sync?pubid=pub10256699365696&userId=apisAhdaREUAGxdYAAoIuAAA%265378&gdpr=&us_privacy=&gdpr_consent=&gpp=DBAA&gpp_sid=2:0
[  211083ms] [ERROR] Failed to load resource: net::ERR_TIMED_OUT @ https://t.adx.opera.com/pub/sync?pubid=pub10256699365696&userId=apisAhdaREUAGxdYAAoIuAAA%265378&gdpr=&us_privacy=&gdpr_consent=&gpp=DBAA&gpp_sid=2:0
[  218489ms] [ERROR] Failed to load resource: net::ERR_TIMED_OUT @ https://t.adx.opera.com/pub/sync?pubid=pub10256699365696&userId=apisAhdaREUAGxdYAAoIuAAA%265378&gdpr=&us_privacy=&gdpr_consent=&gpp=DBAA&gpp_sid=2:0
[  218537ms] [ERROR] Failed to load resource: the server responded with a status of 403 () @ https://c1.adform.net/serving/cookie/match?party=29&gpp=DBAA&gpp_sid=2:0
[  222329ms] [ERROR] Failed to load resource: the server responded with a status of 403 () @ https://c1.adform.net/serving/cookie/match?party=29&gpp=DBAA&gpp_sid=2:0
[  222559ms] [ERROR] Failed to load resource: the server responded with a status of 403 () @ https://c1.adform.net/serving/cookie/match?party=29&gpp=DBAA&gpp_sid=2:0
[  240877ms] [ERROR] Failed to load resource: net::ERR_TIMED_OUT @ https://t.adx.opera.com/pub/sync?pubid=pub10256699365696&userId=apisAhdaREUAGxdYAAoIuAAA%265378&gdpr=&us_privacy=&gdpr_consent=&gpp=DBAA&gpp_sid=2:0
[  241038ms] [ERROR] Failed to load resource: net::ERR_TIMED_OUT @ https://t.adx.opera.com/pub/sync?pubid=pub10256699365696&userId=apisAhdaREUAGxdYAAoIuAAA%265378&gdpr=&us_privacy=&gdpr_consent=&gpp=DBAA&gpp_sid=2:0
[  248492ms] [ERROR] Failed to load resource: net::ERR_TIMED_OUT @ https://t.adx.opera.com/pub/sync?pubid=pub10256699365696&userId=apisAhdaREUAGxdYAAoIuAAA%265378&gdpr=&us_privacy=&gdpr_consent=&gpp=DBAA&gpp_sid=2:0
[    7757ms] [ERROR] Failed to load resource: the server responded with a status of 403 () @ https://c1.adform.net/serving/cookie/match?party=29&gpp=DBAA&gpp_sid=2:0
[   39360ms] [ERROR] Failed to load resource: the server responded with a status of 403 () @ https://c1.adform.net/serving/cookie/match?party=29&gpp=DBAA&gpp_sid=2:0
[   39511ms] [ERROR] Failed to load resource: net::ERR_TIMED_OUT @ https://t.adx.opera.com/pub/sync?pubid=pub10256699365696&userId=apisAhdaREUAGxdYAAoIuAAA%265378&gdpr=&us_privacy=&gdpr_consent=&gpp=&gpp_sid=:0
[   39558ms] [ERROR] Failed to load resource: the server responded with a status of 403 () @ https://c1.adform.net/serving/cookie/match?party=29&gpp=DBAA&gpp_sid=2:0
[   39790ms] [ERROR] Failed to load resource: the server responded with a status of 403 () @ https://c1.adform.net/serving/cookie/match?party=29&gpp=DBAA&gpp_sid=2:0
[   67908ms] [ERROR] Failed to load resource: net::ERR_TIMED_OUT @ https://t.adx.opera.com/pub/sync?pubid=pub10256699365696&userId=apisAhdaREUAGxdYAAoIuAAA%265378&gdpr=&us_privacy=&gdpr_consent=&gpp=DBAA&gpp_sid=2:0
[   69294ms] [ERROR] Failed to load resource: the server responded with a status of 403 () @ https://c1.adform.net/serving/cookie/match?party=29&gpp=DBAA&gpp_sid=2:0
[   69523ms] [ERROR] Failed to load resource: the server responded with a status of 403 () @ https://c1.adform.net/serving/cookie/match?party=29&gpp=DBAA&gpp_sid=2:0
[   69751ms] [ERROR] Failed to load resource: the server responded with a status of 403 () @ https://c1.adform.net/serving/cookie/match?party=29&gpp=DBAA&gpp_sid=2:0
[   89186ms] [ERROR] Failed to load resource: net::ERR_TIMED_OUT @ https://t.adx.opera.com/pub/sync?pubid=pub10256699365696&userId=apisAhdaREUAGxdYAAoIuAAA%265378&gdpr=&us_privacy=&gdpr_consent=&gpp=DBAA&gpp_sid=2:0
[   98554ms] [ERROR] Failed to load resource: the server responded with a status of 403 () @ https://c1.adform.net/serving/cookie/match?party=29&gpp=DBAA&gpp_sid=2:0
[  101199ms] [ERROR] Failed to load resource: the server responded with a status of 403 () @ https://c1.adform.net/serving/cookie/match?party=29&gpp=DBAA&gpp_sid=2:0
[  101428ms] [ERROR] Failed to load resource: the server responded with a status of 403 () @ https://c1.adform.net/serving/cookie/match?party=29&gpp=DBAA&gpp_sid=2:0
[  128660ms] [ERROR] Failed to load resource: the server responded with a status of 403 () @ https://c1.adform.net/serving/cookie/match?party=29&gpp=DBAA&gpp_sid=2:0
[  131196ms] [ERROR] Failed to load resource: the server responded with a status of 403 () @ https://c1.adform.net/serving/cookie/match?party=29&gpp=DBAA&gpp_sid=2:0
[  131423ms] [ERROR] Failed to load resource: the server responded with a status of 403 () @ https://c1.adform.net/serving/cookie/match?party=29&gpp=DBAA&gpp_sid=2:0
[  151076ms] [ERROR] Failed to load resource: net::ERR_TIMED_OUT @ https://t.adx.opera.com/pub/sync?pubid=pub10256699365696&userId=apisAhdaREUAGxdYAAoIuAAA%265378&gdpr=&us_privacy=&gdpr_consent=&gpp=DBAA&gpp_sid=2:0
[  151233ms] [ERROR] Failed to load resource: net::ERR_TIMED_OUT @ https://t.adx.opera.com/pub/sync?pubid=pub10256699365696&userId=apisAhdaREUAGxdYAAoIuAAA%265378&gdpr=&us_privacy=&gdpr_consent=&gpp=DBAA&gpp_sid=2:0
[  158482ms] [ERROR] Failed to load resource: net::ERR_TIMED_OUT @ https://t.adx.opera.com/pub/sync?pubid=pub10256699365696&userId=apisAhdaREUAGxdYAAoIuAAA%265378&gdpr=&us_privacy=&gdpr_consent=&gpp=DBAA&gpp_sid=2:0
[  158658ms] [ERROR] Failed to load resource: the server responded with a status of 403 () @ https://c1.adform.net/serving/cookie/match?party=29&gpp=DBAA&gpp_sid=2:0
[  161278ms] [ERROR] Failed to load resource: the server responded with a status of 403 () @ https://c1.adform.net/serving/cookie/match?party=29&gpp=DBAA&gpp_sid=2:0
[  161506ms] [ERROR] Failed to load resource: the server responded with a status of 403 () @ https://c1.adform.net/serving/cookie/match?party=29&gpp=DBAA&gpp_sid=2:0
[  181029ms] [ERROR] Failed to load resource: net::ERR_TIMED_OUT @ https://t.adx.opera.com/pub/sync?pubid=pub10256699365696&userId=apisAhdaREUAGxdYAAoIuAAA%265378&gdpr=&us_privacy=&gdpr_consent=&gpp=DBAA&gpp_sid=2:0
[  181079ms] [ERROR] Failed to load resource: net::ERR_TIMED_OUT @ https://t.adx.opera.com/pub/sync?pubid=pub10256699365696&userId=apisAhdaREUAGxdYAAoIuAAA%265378&gdpr=&us_privacy=&gdpr_consent=&gpp=DBAA&gpp_sid=2:0
[  188485ms] [ERROR] Failed to load resource: net::ERR_TIMED_OUT @ https://t.adx.opera.com/pub/sync?pubid=pub10256699365696&userId=apisAhdaREUAGxdYAAoIuAAA%265378&gdpr=&us_privacy=&gdpr_consent=&gpp=DBAA&gpp_sid=2:0
[  188622ms] [ERROR] Failed to load resource: the server responded with a status of 403 () @ https://c1.adform.net/serving/cookie/match?party=29&gpp=DBAA&gpp_sid=2:0
[  191048ms] [ERROR] Failed to load resource: the server responded with a status of 403 () @ https://c1.adform.net/serving/cookie/match?party=29&gpp=DBAA&gpp_sid=2:0
[  191277ms] [ERROR] Failed to load resource: the server responded with a status of 403 () @ https://c1.adform.net/serving/cookie/match?party=29&gpp=DBAA&gpp_sid=2:0
[  211036ms] [ERROR] Failed to load resource: net::ERR_TIMED_OUT @ https://t.adx.opera.com/pub/sync?pubid=pub10256699365696&userId=apisAhdaREUAGxdYAAoIuAAA%265378&gdpr=&us_privacy=&gdpr_consent=&gpp=DBAA&gpp_sid=2:0
[  211083ms] [ERROR] Failed to load resource: net::ERR_TIMED_OUT @ https://t.adx.opera.com/pub/sync?pubid=pub10256699365696&userId=apisAhdaREUAGxdYAAoIuAAA%265378&gdpr=&us_privacy=&gdpr_consent=&gpp=DBAA&gpp_sid=2:0
[  218489ms] [ERROR] Failed to load resource: net::ERR_TIMED_OUT @ https://t.adx.opera.com/pub/sync?pubid=pub10256699365696&userId=apisAhdaREUAGxdYAAoIuAAA%265378&gdpr=&us_privacy=&gdpr_consent=&gpp=DBAA&gpp_sid=2:0
[  218537ms] [ERROR] Failed to load resource: the server responded with a status of 403 () @ https://c1.adform.net/serving/cookie/match?party=29&gpp=DBAA&gpp_sid=2:0
[  222329ms] [ERROR] Failed to load resource: the server responded with a status of 403 () @ https://c1.adform.net/serving/cookie/match?party=29&gpp=DBAA&gpp_sid=2:0
[  222559ms] [ERROR] Failed to load resource: the server responded with a status of 403 () @ https://c1.adform.net/serving/cookie/match?party=29&gpp=DBAA&gpp_sid=2:0
[  240877ms] [ERROR] Failed to load resource: net::ERR_TIMED_OUT @ https://t.adx.opera.com/pub/sync?pubid=pub10256699365696&userId=apisAhdaREUAGxdYAAoIuAAA%265378&gdpr=&us_privacy=&gdpr_consent=&gpp=DBAA&gpp_sid=2:0
[  241038ms] [ERROR] Failed to load resource: net::ERR_TIMED_OUT @ https://t.adx.opera.com/pub/sync?pubid=pub10256699365696&userId=apisAhdaREUAGxdYAAoIuAAA%265378&gdpr=&us_privacy=&gdpr_consent=&gpp=DBAA&gpp_sid=2:0
[  248492ms] [ERROR] Failed to load resource: net::ERR_TIMED_OUT @ https://t.adx.opera.com/pub/sync?pubid=pub10256699365696&userId=apisAhdaREUAGxdYAAoIuAAA%265378&gdpr=&us_privacy=&gdpr_consent=&gpp=DBAA&gpp_sid=2:0
[  254385ms] [ERROR] Failed to load resource: the server responded with a status of 403 () @ https://c1.adform.net/serving/cookie/match?party=29&gpp=DBAA&gpp_sid=2:0
[  254529ms] [DIR] SyntaxError @ https://js.ad-score.com/score.min.js?pid=1000943&tt=g:1
[  254619ms] [ERROR] Failed to load resource: the server responded with a status of 403 () @ https://c1.adform.net/serving/cookie/match?party=29&gpp=DBAA&gpp_sid=2:0
[  254770ms] [DIR] SyntaxError @ https://js.ad-score.com/score.min.js?pid=1000943&tt=g:1
[  256816ms] [WARNING] The resource https://dz2cdn1.dzone.com/themes/dz20/ftl/animations.css was preloaded using link preload but not used within a few seconds from the window's load event. Please make sure it has an appropriate `as` value and it is preloaded intentionally. @ https://dzone.com/articles/enterprise-architecture-in-ai:0
[  256816ms] [WARNING] The resource https://dz2cdn1.dzone.com/themes/dz20/ftl/tagging/styles.css was preloaded using link preload but not used within a few seconds from the window's load event. Please make sure it has an appropriate `as` value and it is preloaded intentionally. @ https://dzone.com/articles/enterprise-architecture-in-ai:0
[  274329ms] [WARNING] The resource https://dz2cdn1.dzone.com/themes/dz20/ftl/animations.css was preloaded using link preload but not used within a few seconds from the window's load event. Please make sure it has an appropriate `as` value and it is preloaded intentionally. @ https://dzone.com/articles/enterprise-architecture-in-ai:0
[  274329ms] [WARNING] The resource https://dz2cdn1.dzone.com/themes/dz20/ftl/tagging/styles.css was preloaded using link preload but not used within a few seconds from the window's load event. Please make sure it has an appropriate `as` value and it is preloaded intentionally. @ https://dzone.com/articles/enterprise-architecture-in-ai:0
[  276946ms] [ERROR] Access to fetch at 'https://us-east.pgammedia.com/pbjs' from origin 'https://dzone.com' has been blocked by CORS policy: No 'Access-Control-Allow-Origin' header is present on the requested resource. @ https://dzone.com/articles/enterprise-architecture-in-ai:0
[  276946ms] [ERROR] Failed to load resource: net::ERR_FAILED @ https://us-east.pgammedia.com/pbjs:0
[   50860ms] [ERROR] Failed to load resource: net::ERR_CONNECTION_CLOSED @ https://cs.lkqd.net/cs?partnerId=59&redirect=https%3A%2F%2Fcm.g.doubleclick.net%2Fpixel%3Fgoogle_nid%3Dlkqd_dbm%26google_hm%3D%24%24rawlkqduserid%7Cbase64%24%24:0
[   51001ms] [ERROR] Failed to load resource: net::ERR_CONNECTION_CLOSED @ https://cs.lkqd.net/cs?partnerId=59&partnerUserId=CAESEBnipAqB64EwmfPMSdVGAoA&gpp=DBAA&gpp_sid=2&google_cver=1:0
[   63035ms] [ERROR] Failed to load resource: net::ERR_CONNECTION_CLOSED @ https://cs.lkqd.net/cs?partnerId=59&redirect=https%3A%2F%2Fcm.g.doubleclick.net%2Fpixel%3Fgoogle_nid%3Dlkqd_dbm%26google_hm%3D%24%24rawlkqduserid%7Cbase64%24%24:0
[   63185ms] [ERROR] Failed to load resource: net::ERR_CONNECTION_CLOSED @ https://cs.lkqd.net/cs?partnerId=59&partnerUserId=CAESEBnipAqB64EwmfPMSdVGAoA&gpp=DBAA&gpp_sid=2&google_cver=1:0
[  113087ms] [ERROR] Failed to load resource: net::ERR_CONNECTION_CLOSED @ https://sync.search.spotxchange.com/partner?adv_id=7025&gpp=DBAA&gpp_sid=2&redir=https%3A%2F%2Fcm.g.doubleclick.net%2Fpixel%3Fgoogle_nid%3Dspotxchange_dbm%26google_hm%3D%24SPOTX_BASE64_USER_ID:0
[  113297ms] [ERROR] Failed to load resource: net::ERR_CONNECTION_CLOSED @ https://sync.search.spotxchange.com/partner?adv_id=7025&gpp=DBAA&gpp_sid=2&uid=CAESEMnAxbEUbSEE-Jpg0Yr4wp8&google_cver=1:0
[  220830ms] [ERROR] Failed to load resource: net::ERR_TIMED_OUT @ https://ads.yieldmo.com/exptsync?partner_id=dv360&gpp=DBAA&gpp_sid=2:0
[  220957ms] [ERROR] Failed to load resource: net::ERR_TIMED_OUT @ https://ads.yieldmo.com/v000/sync?gpp=DBAA&gpp_sid=2&google_gid=CAESEGkyd1_B--QWM4e2VGAX-Lw&google_cver=1:0
[  234145ms] [ERROR] Failed to load resource: net::ERR_CONNECTION_CLOSED @ https://cookie-sync.api.soundcast.fm/v1/esync?url=https%3A%2F%2Fcm.g.doubleclick.net%2Fpixel%3Fgoogle_nid%3Dsoundcast_dbm%26google_hm%3D%24UID&gpp=DBAA&gpp_sid=2:0
[    7757ms] [ERROR] Failed to load resource: the server responded with a status of 403 () @ https://c1.adform.net/serving/cookie/match?party=29&gpp=DBAA&gpp_sid=2:0
[   39360ms] [ERROR] Failed to load resource: the server responded with a status of 403 () @ https://c1.adform.net/serving/cookie/match?party=29&gpp=DBAA&gpp_sid=2:0
[   39511ms] [ERROR] Failed to load resource: net::ERR_TIMED_OUT @ https://t.adx.opera.com/pub/sync?pubid=pub10256699365696&userId=apisAhdaREUAGxdYAAoIuAAA%265378&gdpr=&us_privacy=&gdpr_consent=&gpp=&gpp_sid=:0
[   39558ms] [ERROR] Failed to load resource: the server responded with a status of 403 () @ https://c1.adform.net/serving/cookie/match?party=29&gpp=DBAA&gpp_sid=2:0
[   39790ms] [ERROR] Failed to load resource: the server responded with a status of 403 () @ https://c1.adform.net/serving/cookie/match?party=29&gpp=DBAA&gpp_sid=2:0
[   67908ms] [ERROR] Failed to load resource: net::ERR_TIMED_OUT @ https://t.adx.opera.com/pub/sync?pubid=pub10256699365696&userId=apisAhdaREUAGxdYAAoIuAAA%265378&gdpr=&us_privacy=&gdpr_consent=&gpp=DBAA&gpp_sid=2:0
[   69294ms] [ERROR] Failed to load resource: the server responded with a status of 403 () @ https://c1.adform.net/serving/cookie/match?party=29&gpp=DBAA&gpp_sid=2:0
[   69523ms] [ERROR] Failed to load resource: the server responded with a status of 403 () @ https://c1.adform.net/serving/cookie/match?party=29&gpp=DBAA&gpp_sid=2:0
[   69751ms] [ERROR] Failed to load resource: the server responded with a status of 403 () @ https://c1.adform.net/serving/cookie/match?party=29&gpp=DBAA&gpp_sid=2:0
[   89186ms] [ERROR] Failed to load resource: net::ERR_TIMED_OUT @ https://t.adx.opera.com/pub/sync?pubid=pub10256699365696&userId=apisAhdaREUAGxdYAAoIuAAA%265378&gdpr=&us_privacy=&gdpr_consent=&gpp=DBAA&gpp_sid=2:0
[   98554ms] [ERROR] Failed to load resource: the server responded with a status of 403 () @ https://c1.adform.net/serving/cookie/match?party=29&gpp=DBAA&gpp_sid=2:0
[  101199ms] [ERROR] Failed to load resource: the server responded with a status of 403 () @ https://c1.adform.net/serving/cookie/match?party=29&gpp=DBAA&gpp_sid=2:0
[  101428ms] [ERROR] Failed to load resource: the server responded with a status of 403 () @ https://c1.adform.net/serving/cookie/match?party=29&gpp=DBAA&gpp_sid=2:0
[  128660ms] [ERROR] Failed to load resource: the server responded with a status of 403 () @ https://c1.adform.net/serving/cookie/match?party=29&gpp=DBAA&gpp_sid=2:0
[  131196ms] [ERROR] Failed to load resource: the server responded with a status of 403 () @ https://c1.adform.net/serving/cookie/match?party=29&gpp=DBAA&gpp_sid=2:0
[  131423ms] [ERROR] Failed to load resource: the server responded with a status of 403 () @ https://c1.adform.net/serving/cookie/match?party=29&gpp=DBAA&gpp_sid=2:0
[  151076ms] [ERROR] Failed to load resource: net::ERR_TIMED_OUT @ https://t.adx.opera.com/pub/sync?pubid=pub10256699365696&userId=apisAhdaREUAGxdYAAoIuAAA%265378&gdpr=&us_privacy=&gdpr_consent=&gpp=DBAA&gpp_sid=2:0
[  151233ms] [ERROR] Failed to load resource: net::ERR_TIMED_OUT @ https://t.adx.opera.com/pub/sync?pubid=pub10256699365696&userId=apisAhdaREUAGxdYAAoIuAAA%265378&gdpr=&us_privacy=&gdpr_consent=&gpp=DBAA&gpp_sid=2:0
[  158482ms] [ERROR] Failed to load resource: net::ERR_TIMED_OUT @ https://t.adx.opera.com/pub/sync?pubid=pub10256699365696&userId=apisAhdaREUAGxdYAAoIuAAA%265378&gdpr=&us_privacy=&gdpr_consent=&gpp=DBAA&gpp_sid=2:0
[  158658ms] [ERROR] Failed to load resource: the server responded with a status of 403 () @ https://c1.adform.net/serving/cookie/match?party=29&gpp=DBAA&gpp_sid=2:0
[  161278ms] [ERROR] Failed to load resource: the server responded with a status of 403 () @ https://c1.adform.net/serving/cookie/match?party=29&gpp=DBAA&gpp_sid=2:0
[  161506ms] [ERROR] Failed to load resource: the server responded with a status of 403 () @ https://c1.adform.net/serving/cookie/match?party=29&gpp=DBAA&gpp_sid=2:0
[  181029ms] [ERROR] Failed to load resource: net::ERR_TIMED_OUT @ https://t.adx.opera.com/pub/sync?pubid=pub10256699365696&userId=apisAhdaREUAGxdYAAoIuAAA%265378&gdpr=&us_privacy=&gdpr_consent=&gpp=DBAA&gpp_sid=2:0
[  181079ms] [ERROR] Failed to load resource: net::ERR_TIMED_OUT @ https://t.adx.opera.com/pub/sync?pubid=pub10256699365696&userId=apisAhdaREUAGxdYAAoIuAAA%265378&gdpr=&us_privacy=&gdpr_consent=&gpp=DBAA&gpp_sid=2:0
[  188485ms] [ERROR] Failed to load resource: net::ERR_TIMED_OUT @ https://t.adx.opera.com/pub/sync?pubid=pub10256699365696&userId=apisAhdaREUAGxdYAAoIuAAA%265378&gdpr=&us_privacy=&gdpr_consent=&gpp=DBAA&gpp_sid=2:0
[  188622ms] [ERROR] Failed to load resource: the server responded with a status of 403 () @ https://c1.adform.net/serving/cookie/match?party=29&gpp=DBAA&gpp_sid=2:0
[  191048ms] [ERROR] Failed to load resource: the server responded with a status of 403 () @ https://c1.adform.net/serving/cookie/match?party=29&gpp=DBAA&gpp_sid=2:0
[  191277ms] [ERROR] Failed to load resource: the server responded with a status of 403 () @ https://c1.adform.net/serving/cookie/match?party=29&gpp=DBAA&gpp_sid=2:0
[  211036ms] [ERROR] Failed to load resource: net::ERR_TIMED_OUT @ https://t.adx.opera.com/pub/sync?pubid=pub10256699365696&userId=apisAhdaREUAGxdYAAoIuAAA%265378&gdpr=&us_privacy=&gdpr_consent=&gpp=DBAA&gpp_sid=2:0
[  211083ms] [ERROR] Failed to load resource: net::ERR_TIMED_OUT @ https://t.adx.opera.com/pub/sync?pubid=pub10256699365696&userId=apisAhdaREUAGxdYAAoIuAAA%265378&gdpr=&us_privacy=&gdpr_consent=&gpp=DBAA&gpp_sid=2:0
[  218489ms] [ERROR] Failed to load resource: net::ERR_TIMED_OUT @ https://t.adx.opera.com/pub/sync?pubid=pub10256699365696&userId=apisAhdaREUAGxdYAAoIuAAA%265378&gdpr=&us_privacy=&gdpr_consent=&gpp=DBAA&gpp_sid=2:0
[  218537ms] [ERROR] Failed to load resource: the server responded with a status of 403 () @ https://c1.adform.net/serving/cookie/match?party=29&gpp=DBAA&gpp_sid=2:0
[  222329ms] [ERROR] Failed to load resource: the server responded with a status of 403 () @ https://c1.adform.net/serving/cookie/match?party=29&gpp=DBAA&gpp_sid=2:0
[  222559ms] [ERROR] Failed to load resource: the server responded with a status of 403 () @ https://c1.adform.net/serving/cookie/match?party=29&gpp=DBAA&gpp_sid=2:0
[  240877ms] [ERROR] Failed to load resource: net::ERR_TIMED_OUT @ https://t.adx.opera.com/pub/sync?pubid=pub10256699365696&userId=apisAhdaREUAGxdYAAoIuAAA%265378&gdpr=&us_privacy=&gdpr_consent=&gpp=DBAA&gpp_sid=2:0
[  241038ms] [ERROR] Failed to load resource: net::ERR_TIMED_OUT @ https://t.adx.opera.com/pub/sync?pubid=pub10256699365696&userId=apisAhdaREUAGxdYAAoIuAAA%265378&gdpr=&us_privacy=&gdpr_consent=&gpp=DBAA&gpp_sid=2:0
[  248492ms] [ERROR] Failed to load resource: net::ERR_TIMED_OUT @ https://t.adx.opera.com/pub/sync?pubid=pub10256699365696&userId=apisAhdaREUAGxdYAAoIuAAA%265378&gdpr=&us_privacy=&gdpr_consent=&gpp=DBAA&gpp_sid=2:0
[  254385ms] [ERROR] Failed to load resource: the server responded with a status of 403 () @ https://c1.adform.net/serving/cookie/match?party=29&gpp=DBAA&gpp_sid=2:0
[  254619ms] [ERROR] Failed to load resource: the server responded with a status of 403 () @ https://c1.adform.net/serving/cookie/match?party=29&gpp=DBAA&gpp_sid=2:0
[  278790ms] [ERROR] Failed to load resource: the server responded with a status of 400 (Bad Request) @ https://cksync.yahoo.co.jp/sspsync?ptr=12703&google_gid=CAESEK8Md1hM9gOJACKvljzQCPw&google_cver=1&google_push=AeofssLirD3heUEkJoU_OtAJj3SPFcNIU2YPreQUQ5rIZnlrZfhOa5Y8oOSRBM0hV3OG5iYMfaqhAnFC0DDdtOlFJLw6oJh5XvF272vOibooWihboDQJY70nX_JrlC1C_wEW8DnrlmBb9B_uwJCDl_UpGJvu:0
[  278811ms] [ERROR] Failed to load resource: the server responded with a status of 403 () @ https://c1.adform.net/serving/cookie/match?party=29&gpp=DBAA&gpp_sid=2:0
[  278920ms] [DIR] SyntaxError @ https://js.ad-score.com/score.min.js?pid=1000943&tt=g:1
[   50860ms] [ERROR] Failed to load resource: net::ERR_CONNECTION_CLOSED @ https://cs.lkqd.net/cs?partnerId=59&redirect=https%3A%2F%2Fcm.g.doubleclick.net%2Fpixel%3Fgoogle_nid%3Dlkqd_dbm%26google_hm%3D%24%24rawlkqduserid%7Cbase64%24%24:0
[   51001ms] [ERROR] Failed to load resource: net::ERR_CONNECTION_CLOSED @ https://cs.lkqd.net/cs?partnerId=59&partnerUserId=CAESEBnipAqB64EwmfPMSdVGAoA&gpp=DBAA&gpp_sid=2&google_cver=1:0
[   63035ms] [ERROR] Failed to load resource: net::ERR_CONNECTION_CLOSED @ https://cs.lkqd.net/cs?partnerId=59&redirect=https%3A%2F%2Fcm.g.doubleclick.net%2Fpixel%3Fgoogle_nid%3Dlkqd_dbm%26google_hm%3D%24%24rawlkqduserid%7Cbase64%24%24:0
[   63185ms] [ERROR] Failed to load resource: net::ERR_CONNECTION_CLOSED @ https://cs.lkqd.net/cs?partnerId=59&partnerUserId=CAESEBnipAqB64EwmfPMSdVGAoA&gpp=DBAA&gpp_sid=2&google_cver=1:0
[  113087ms] [ERROR] Failed to load resource: net::ERR_CONNECTION_CLOSED @ https://sync.search.spotxchange.com/partner?adv_id=7025&gpp=DBAA&gpp_sid=2&redir=https%3A%2F%2Fcm.g.doubleclick.net%2Fpixel%3Fgoogle_nid%3Dspotxchange_dbm%26google_hm%3D%24SPOTX_BASE64_USER_ID:0
[  113297ms] [ERROR] Failed to load resource: net::ERR_CONNECTION_CLOSED @ https://sync.search.spotxchange.com/partner?adv_id=7025&gpp=DBAA&gpp_sid=2&uid=CAESEMnAxbEUbSEE-Jpg0Yr4wp8&google_cver=1:0
[  220830ms] [ERROR] Failed to load resource: net::ERR_TIMED_OUT @ https://ads.yieldmo.com/exptsync?partner_id=dv360&gpp=DBAA&gpp_sid=2:0
[  220957ms] [ERROR] Failed to load resource: net::ERR_TIMED_OUT @ https://ads.yieldmo.com/v000/sync?gpp=DBAA&gpp_sid=2&google_gid=CAESEGkyd1_B--QWM4e2VGAX-Lw&google_cver=1:0
[  234145ms] [ERROR] Failed to load resource: net::ERR_CONNECTION_CLOSED @ https://cookie-sync.api.soundcast.fm/v1/esync?url=https%3A%2F%2Fcm.g.doubleclick.net%2Fpixel%3Fgoogle_nid%3Dsoundcast_dbm%26google_hm%3D%24UID&gpp=DBAA&gpp_sid=2:0
[   50860ms] [ERROR] Failed to load resource: net::ERR_CONNECTION_CLOSED @ https://cs.lkqd.net/cs?partnerId=59&redirect=https%3A%2F%2Fcm.g.doubleclick.net%2Fpixel%3Fgoogle_nid%3Dlkqd_dbm%26google_hm%3D%24%24rawlkqduserid%7Cbase64%24%24:0
[   51001ms] [ERROR] Failed to load resource: net::ERR_CONNECTION_CLOSED @ https://cs.lkqd.net/cs?partnerId=59&partnerUserId=CAESEBnipAqB64EwmfPMSdVGAoA&gpp=DBAA&gpp_sid=2&google_cver=1:0
[   63035ms] [ERROR] Failed to load resource: net::ERR_CONNECTION_CLOSED @ https://cs.lkqd.net/cs?partnerId=59&redirect=https%3A%2F%2Fcm.g.doubleclick.net%2Fpixel%3Fgoogle_nid%3Dlkqd_dbm%26google_hm%3D%24%24rawlkqduserid%7Cbase64%24%24:0
[   63185ms] [ERROR] Failed to load resource: net::ERR_CONNECTION_CLOSED @ https://cs.lkqd.net/cs?partnerId=59&partnerUserId=CAESEBnipAqB64EwmfPMSdVGAoA&gpp=DBAA&gpp_sid=2&google_cver=1:0
[  113087ms] [ERROR] Failed to load resource: net::ERR_CONNECTION_CLOSED @ https://sync.search.spotxchange.com/partner?adv_id=7025&gpp=DBAA&gpp_sid=2&redir=https%3A%2F%2Fcm.g.doubleclick.net%2Fpixel%3Fgoogle_nid%3Dspotxchange_dbm%26google_hm%3D%24SPOTX_BASE64_USER_ID:0
[  113297ms] [ERROR] Failed to load resource: net::ERR_CONNECTION_CLOSED @ https://sync.search.spotxchange.com/partner?adv_id=7025&gpp=DBAA&gpp_sid=2&uid=CAESEMnAxbEUbSEE-Jpg0Yr4wp8&google_cver=1:0
[  220830ms] [ERROR] Failed to load resource: net::ERR_TIMED_OUT @ https://ads.yieldmo.com/exptsync?partner_id=dv360&gpp=DBAA&gpp_sid=2:0
[  220957ms] [ERROR] Failed to load resource: net::ERR_TIMED_OUT @ https://ads.yieldmo.com/v000/sync?gpp=DBAA&gpp_sid=2&google_gid=CAESEGkyd1_B--QWM4e2VGAX-Lw&google_cver=1:0
[  234145ms] [ERROR] Failed to load resource: net::ERR_CONNECTION_CLOSED @ https://cookie-sync.api.soundcast.fm/v1/esync?url=https%3A%2F%2Fcm.g.doubleclick.net%2Fpixel%3Fgoogle_nid%3Dsoundcast_dbm%26google_hm%3D%24UID&gpp=DBAA&gpp_sid=2:0
[  278790ms] [ERROR] Failed to load resource: the server responded with a status of 400 (Bad Request) @ https://cksync.yahoo.co.jp/sspsync?ptr=12703&google_gid=CAESEK8Md1hM9gOJACKvljzQCPw&google_cver=1&google_push=AeofssLirD3heUEkJoU_OtAJj3SPFcNIU2YPreQUQ5rIZnlrZfhOa5Y8oOSRBM0hV3OG5iYMfaqhAnFC0DDdtOlFJLw6oJh5XvF272vOibooWihboDQJY70nX_JrlC1C_wEW8DnrlmBb9B_uwJCDl_UpGJvu:0
[    7757ms] [ERROR] Failed to load resource: the server responded with a status of 403 () @ https://c1.adform.net/serving/cookie/match?party=29&gpp=DBAA&gpp_sid=2:0
[   39360ms] [ERROR] Failed to load resource: the server responded with a status of 403 () @ https://c1.adform.net/serving/cookie/match?party=29&gpp=DBAA&gpp_sid=2:0
[   39511ms] [ERROR] Failed to load resource: net::ERR_TIMED_OUT @ https://t.adx.opera.com/pub/sync?pubid=pub10256699365696&userId=apisAhdaREUAGxdYAAoIuAAA%265378&gdpr=&us_privacy=&gdpr_consent=&gpp=&gpp_sid=:0
[   39558ms] [ERROR] Failed to load resource: the server responded with a status of 403 () @ https://c1.adform.net/serving/cookie/match?party=29&gpp=DBAA&gpp_sid=2:0
[   39790ms] [ERROR] Failed to load resource: the server responded with a status of 403 () @ https://c1.adform.net/serving/cookie/match?party=29&gpp=DBAA&gpp_sid=2:0
[   67908ms] [ERROR] Failed to load resource: net::ERR_TIMED_OUT @ https://t.adx.opera.com/pub/sync?pubid=pub10256699365696&userId=apisAhdaREUAGxdYAAoIuAAA%265378&gdpr=&us_privacy=&gdpr_consent=&gpp=DBAA&gpp_sid=2:0
[   69294ms] [ERROR] Failed to load resource: the server responded with a status of 403 () @ https://c1.adform.net/serving/cookie/match?party=29&gpp=DBAA&gpp_sid=2:0
[   69523ms] [ERROR] Failed to load resource: the server responded with a status of 403 () @ https://c1.adform.net/serving/cookie/match?party=29&gpp=DBAA&gpp_sid=2:0
[   69751ms] [ERROR] Failed to load resource: the server responded with a status of 403 () @ https://c1.adform.net/serving/cookie/match?party=29&gpp=DBAA&gpp_sid=2:0
[   89186ms] [ERROR] Failed to load resource: net::ERR_TIMED_OUT @ https://t.adx.opera.com/pub/sync?pubid=pub10256699365696&userId=apisAhdaREUAGxdYAAoIuAAA%265378&gdpr=&us_privacy=&gdpr_consent=&gpp=DBAA&gpp_sid=2:0
[   98554ms] [ERROR] Failed to load resource: the server responded with a status of 403 () @ https://c1.adform.net/serving/cookie/match?party=29&gpp=DBAA&gpp_sid=2:0
[  101199ms] [ERROR] Failed to load resource: the server responded with a status of 403 () @ https://c1.adform.net/serving/cookie/match?party=29&gpp=DBAA&gpp_sid=2:0
[  101428ms] [ERROR] Failed to load resource: the server responded with a status of 403 () @ https://c1.adform.net/serving/cookie/match?party=29&gpp=DBAA&gpp_sid=2:0
[  128660ms] [ERROR] Failed to load resource: the server responded with a status of 403 () @ https://c1.adform.net/serving/cookie/match?party=29&gpp=DBAA&gpp_sid=2:0
[  131196ms] [ERROR] Failed to load resource: the server responded with a status of 403 () @ https://c1.adform.net/serving/cookie/match?party=29&gpp=DBAA&gpp_sid=2:0
[  131423ms] [ERROR] Failed to load resource: the server responded with a status of 403 () @ https://c1.adform.net/serving/cookie/match?party=29&gpp=DBAA&gpp_sid=2:0
[  151076ms] [ERROR] Failed to load resource: net::ERR_TIMED_OUT @ https://t.adx.opera.com/pub/sync?pubid=pub10256699365696&userId=apisAhdaREUAGxdYAAoIuAAA%265378&gdpr=&us_privacy=&gdpr_consent=&gpp=DBAA&gpp_sid=2:0
[  151233ms] [ERROR] Failed to load resource: net::ERR_TIMED_OUT @ https://t.adx.opera.com/pub/sync?pubid=pub10256699365696&userId=apisAhdaREUAGxdYAAoIuAAA%265378&gdpr=&us_privacy=&gdpr_consent=&gpp=DBAA&gpp_sid=2:0
[  158482ms] [ERROR] Failed to load resource: net::ERR_TIMED_OUT @ https://t.adx.opera.com/pub/sync?pubid=pub10256699365696&userId=apisAhdaREUAGxdYAAoIuAAA%265378&gdpr=&us_privacy=&gdpr_consent=&gpp=DBAA&gpp_sid=2:0
[  158658ms] [ERROR] Failed to load resource: the server responded with a status of 403 () @ https://c1.adform.net/serving/cookie/match?party=29&gpp=DBAA&gpp_sid=2:0
[  161278ms] [ERROR] Failed to load resource: the server responded with a status of 403 () @ https://c1.adform.net/serving/cookie/match?party=29&gpp=DBAA&gpp_sid=2:0
[  161506ms] [ERROR] Failed to load resource: the server responded with a status of 403 () @ https://c1.adform.net/serving/cookie/match?party=29&gpp=DBAA&gpp_sid=2:0
[  181029ms] [ERROR] Failed to load resource: net::ERR_TIMED_OUT @ https://t.adx.opera.com/pub/sync?pubid=pub10256699365696&userId=apisAhdaREUAGxdYAAoIuAAA%265378&gdpr=&us_privacy=&gdpr_consent=&gpp=DBAA&gpp_sid=2:0
[  181079ms] [ERROR] Failed to load resource: net::ERR_TIMED_OUT @ https://t.adx.opera.com/pub/sync?pubid=pub10256699365696&userId=apisAhdaREUAGxdYAAoIuAAA%265378&gdpr=&us_privacy=&gdpr_consent=&gpp=DBAA&gpp_sid=2:0
[  188485ms] [ERROR] Failed to load resource: net::ERR_TIMED_OUT @ https://t.adx.opera.com/pub/sync?pubid=pub10256699365696&userId=apisAhdaREUAGxdYAAoIuAAA%265378&gdpr=&us_privacy=&gdpr_consent=&gpp=DBAA&gpp_sid=2:0
[  188622ms] [ERROR] Failed to load resource: the server responded with a status of 403 () @ https://c1.adform.net/serving/cookie/match?party=29&gpp=DBAA&gpp_sid=2:0
[  191048ms] [ERROR] Failed to load resource: the server responded with a status of 403 () @ https://c1.adform.net/serving/cookie/match?party=29&gpp=DBAA&gpp_sid=2:0
[  191277ms] [ERROR] Failed to load resource: the server responded with a status of 403 () @ https://c1.adform.net/serving/cookie/match?party=29&gpp=DBAA&gpp_sid=2:0
[  211036ms] [ERROR] Failed to load resource: net::ERR_TIMED_OUT @ https://t.adx.opera.com/pub/sync?pubid=pub10256699365696&userId=apisAhdaREUAGxdYAAoIuAAA%265378&gdpr=&us_privacy=&gdpr_consent=&gpp=DBAA&gpp_sid=2:0
[  211083ms] [ERROR] Failed to load resource: net::ERR_TIMED_OUT @ https://t.adx.opera.com/pub/sync?pubid=pub10256699365696&userId=apisAhdaREUAGxdYAAoIuAAA%265378&gdpr=&us_privacy=&gdpr_consent=&gpp=DBAA&gpp_sid=2:0
[  218489ms] [ERROR] Failed to load resource: net::ERR_TIMED_OUT @ https://t.adx.opera.com/pub/sync?pubid=pub10256699365696&userId=apisAhdaREUAGxdYAAoIuAAA%265378&gdpr=&us_privacy=&gdpr_consent=&gpp=DBAA&gpp_sid=2:0
[  218537ms] [ERROR] Failed to load resource: the server responded with a status of 403 () @ https://c1.adform.net/serving/cookie/match?party=29&gpp=DBAA&gpp_sid=2:0
[  222329ms] [ERROR] Failed to load resource: the server responded with a status of 403 () @ https://c1.adform.net/serving/cookie/match?party=29&gpp=DBAA&gpp_sid=2:0
[  222559ms] [ERROR] Failed to load resource: the server responded with a status of 403 () @ https://c1.adform.net/serving/cookie/match?party=29&gpp=DBAA&gpp_sid=2:0
[  240877ms] [ERROR] Failed to load resource: net::ERR_TIMED_OUT @ https://t.adx.opera.com/pub/sync?pubid=pub10256699365696&userId=apisAhdaREUAGxdYAAoIuAAA%265378&gdpr=&us_privacy=&gdpr_consent=&gpp=DBAA&gpp_sid=2:0
[  241038ms] [ERROR] Failed to load resource: net::ERR_TIMED_OUT @ https://t.adx.opera.com/pub/sync?pubid=pub10256699365696&userId=apisAhdaREUAGxdYAAoIuAAA%265378&gdpr=&us_privacy=&gdpr_consent=&gpp=DBAA&gpp_sid=2:0
[  248492ms] [ERROR] Failed to load resource: net::ERR_TIMED_OUT @ https://t.adx.opera.com/pub/sync?pubid=pub10256699365696&userId=apisAhdaREUAGxdYAAoIuAAA%265378&gdpr=&us_privacy=&gdpr_consent=&gpp=DBAA&gpp_sid=2:0
[  254385ms] [ERROR] Failed to load resource: the server responded with a status of 403 () @ https://c1.adform.net/serving/cookie/match?party=29&gpp=DBAA&gpp_sid=2:0
[  254619ms] [ERROR] Failed to load resource: the server responded with a status of 403 () @ https://c1.adform.net/serving/cookie/match?party=29&gpp=DBAA&gpp_sid=2:0
[  278811ms] [ERROR] Failed to load resource: the server responded with a status of 403 () @ https://c1.adform.net/serving/cookie/match?party=29&gpp=DBAA&gpp_sid=2:0
[    7757ms] [ERROR] Failed to load resource: the server responded with a status of 403 () @ https://c1.adform.net/serving/cookie/match?party=29&gpp=DBAA&gpp_sid=2:0
[   39360ms] [ERROR] Failed to load resource: the server responded with a status of 403 () @ https://c1.adform.net/serving/cookie/match?party=29&gpp=DBAA&gpp_sid=2:0
[   39511ms] [ERROR] Failed to load resource: net::ERR_TIMED_OUT @ https://t.adx.opera.com/pub/sync?pubid=pub10256699365696&userId=apisAhdaREUAGxdYAAoIuAAA%265378&gdpr=&us_privacy=&gdpr_consent=&gpp=&gpp_sid=:0
[   39558ms] [ERROR] Failed to load resource: the server responded with a status of 403 () @ https://c1.adform.net/serving/cookie/match?party=29&gpp=DBAA&gpp_sid=2:0
[   39790ms] [ERROR] Failed to load resource: the server responded with a status of 403 () @ https://c1.adform.net/serving/cookie/match?party=29&gpp=DBAA&gpp_sid=2:0
[   67908ms] [ERROR] Failed to load resource: net::ERR_TIMED_OUT @ https://t.adx.opera.com/pub/sync?pubid=pub10256699365696&userId=apisAhdaREUAGxdYAAoIuAAA%265378&gdpr=&us_privacy=&gdpr_consent=&gpp=DBAA&gpp_sid=2:0
[   69294ms] [ERROR] Failed to load resource: the server responded with a status of 403 () @ https://c1.adform.net/serving/cookie/match?party=29&gpp=DBAA&gpp_sid=2:0
[   69523ms] [ERROR] Failed to load resource: the server responded with a status of 403 () @ https://c1.adform.net/serving/cookie/match?party=29&gpp=DBAA&gpp_sid=2:0
[   69751ms] [ERROR] Failed to load resource: the server responded with a status of 403 () @ https://c1.adform.net/serving/cookie/match?party=29&gpp=DBAA&gpp_sid=2:0
[   89186ms] [ERROR] Failed to load resource: net::ERR_TIMED_OUT @ https://t.adx.opera.com/pub/sync?pubid=pub10256699365696&userId=apisAhdaREUAGxdYAAoIuAAA%265378&gdpr=&us_privacy=&gdpr_consent=&gpp=DBAA&gpp_sid=2:0
[   98554ms] [ERROR] Failed to load resource: the server responded with a status of 403 () @ https://c1.adform.net/serving/cookie/match?party=29&gpp=DBAA&gpp_sid=2:0
[  101199ms] [ERROR] Failed to load resource: the server responded with a status of 403 () @ https://c1.adform.net/serving/cookie/match?party=29&gpp=DBAA&gpp_sid=2:0
[  101428ms] [ERROR] Failed to load resource: the server responded with a status of 403 () @ https://c1.adform.net/serving/cookie/match?party=29&gpp=DBAA&gpp_sid=2:0
[  128660ms] [ERROR] Failed to load resource: the server responded with a status of 403 () @ https://c1.adform.net/serving/cookie/match?party=29&gpp=DBAA&gpp_sid=2:0
[  131196ms] [ERROR] Failed to load resource: the server responded with a status of 403 () @ https://c1.adform.net/serving/cookie/match?party=29&gpp=DBAA&gpp_sid=2:0
[  131423ms] [ERROR] Failed to load resource: the server responded with a status of 403 () @ https://c1.adform.net/serving/cookie/match?party=29&gpp=DBAA&gpp_sid=2:0
[  151076ms] [ERROR] Failed to load resource: net::ERR_TIMED_OUT @ https://t.adx.opera.com/pub/sync?pubid=pub10256699365696&userId=apisAhdaREUAGxdYAAoIuAAA%265378&gdpr=&us_privacy=&gdpr_consent=&gpp=DBAA&gpp_sid=2:0
[  151233ms] [ERROR] Failed to load resource: net::ERR_TIMED_OUT @ https://t.adx.opera.com/pub/sync?pubid=pub10256699365696&userId=apisAhdaREUAGxdYAAoIuAAA%265378&gdpr=&us_privacy=&gdpr_consent=&gpp=DBAA&gpp_sid=2:0
[  158482ms] [ERROR] Failed to load resource: net::ERR_TIMED_OUT @ https://t.adx.opera.com/pub/sync?pubid=pub10256699365696&userId=apisAhdaREUAGxdYAAoIuAAA%265378&gdpr=&us_privacy=&gdpr_consent=&gpp=DBAA&gpp_sid=2:0
[  158658ms] [ERROR] Failed to load resource: the server responded with a status of 403 () @ https://c1.adform.net/serving/cookie/match?party=29&gpp=DBAA&gpp_sid=2:0
[  161278ms] [ERROR] Failed to load resource: the server responded with a status of 403 () @ https://c1.adform.net/serving/cookie/match?party=29&gpp=DBAA&gpp_sid=2:0
[  161506ms] [ERROR] Failed to load resource: the server responded with a status of 403 () @ https://c1.adform.net/serving/cookie/match?party=29&gpp=DBAA&gpp_sid=2:0
[  181029ms] [ERROR] Failed to load resource: net::ERR_TIMED_OUT @ https://t.adx.opera.com/pub/sync?pubid=pub10256699365696&userId=apisAhdaREUAGxdYAAoIuAAA%265378&gdpr=&us_privacy=&gdpr_consent=&gpp=DBAA&gpp_sid=2:0
[  181079ms] [ERROR] Failed to load resource: net::ERR_TIMED_OUT @ https://t.adx.opera.com/pub/sync?pubid=pub10256699365696&userId=apisAhdaREUAGxdYAAoIuAAA%265378&gdpr=&us_privacy=&gdpr_consent=&gpp=DBAA&gpp_sid=2:0
[  188485ms] [ERROR] Failed to load resource: net::ERR_TIMED_OUT @ https://t.adx.opera.com/pub/sync?pubid=pub10256699365696&userId=apisAhdaREUAGxdYAAoIuAAA%265378&gdpr=&us_privacy=&gdpr_consent=&gpp=DBAA&gpp_sid=2:0
[  188622ms] [ERROR] Failed to load resource: the server responded with a status of 403 () @ https://c1.adform.net/serving/cookie/match?party=29&gpp=DBAA&gpp_sid=2:0
[  191048ms] [ERROR] Failed to load resource: the server responded with a status of 403 () @ https://c1.adform.net/serving/cookie/match?party=29&gpp=DBAA&gpp_sid=2:0
[  191277ms] [ERROR] Failed to load resource: the server responded with a status of 403 () @ https://c1.adform.net/serving/cookie/match?party=29&gpp=DBAA&gpp_sid=2:0
[  211036ms] [ERROR] Failed to load resource: net::ERR_TIMED_OUT @ https://t.adx.opera.com/pub/sync?pubid=pub10256699365696&userId=apisAhdaREUAGxdYAAoIuAAA%265378&gdpr=&us_privacy=&gdpr_consent=&gpp=DBAA&gpp_sid=2:0
[  211083ms] [ERROR] Failed to load resource: net::ERR_TIMED_OUT @ https://t.adx.opera.com/pub/sync?pubid=pub10256699365696&userId=apisAhdaREUAGxdYAAoIuAAA%265378&gdpr=&us_privacy=&gdpr_consent=&gpp=DBAA&gpp_sid=2:0
[  218489ms] [ERROR] Failed to load resource: net::ERR_TIMED_OUT @ https://t.adx.opera.com/pub/sync?pubid=pub10256699365696&userId=apisAhdaREUAGxdYAAoIuAAA%265378&gdpr=&us_privacy=&gdpr_consent=&gpp=DBAA&gpp_sid=2:0
[  218537ms] [ERROR] Failed to load resource: the server responded with a status of 403 () @ https://c1.adform.net/serving/cookie/match?party=29&gpp=DBAA&gpp_sid=2:0
[  222329ms] [ERROR] Failed to load resource: the server responded with a status of 403 () @ https://c1.adform.net/serving/cookie/match?party=29&gpp=DBAA&gpp_sid=2:0
[  222559ms] [ERROR] Failed to load resource: the server responded with a status of 403 () @ https://c1.adform.net/serving/cookie/match?party=29&gpp=DBAA&gpp_sid=2:0
[  240877ms] [ERROR] Failed to load resource: net::ERR_TIMED_OUT @ https://t.adx.opera.com/pub/sync?pubid=pub10256699365696&userId=apisAhdaREUAGxdYAAoIuAAA%265378&gdpr=&us_privacy=&gdpr_consent=&gpp=DBAA&gpp_sid=2:0
[  241038ms] [ERROR] Failed to load resource: net::ERR_TIMED_OUT @ https://t.adx.opera.com/pub/sync?pubid=pub10256699365696&userId=apisAhdaREUAGxdYAAoIuAAA%265378&gdpr=&us_privacy=&gdpr_consent=&gpp=DBAA&gpp_sid=2:0
[  248492ms] [ERROR] Failed to load resource: net::ERR_TIMED_OUT @ https://t.adx.opera.com/pub/sync?pubid=pub10256699365696&userId=apisAhdaREUAGxdYAAoIuAAA%265378&gdpr=&us_privacy=&gdpr_consent=&gpp=DBAA&gpp_sid=2:0
[  254385ms] [ERROR] Failed to load resource: the server responded with a status of 403 () @ https://c1.adform.net/serving/cookie/match?party=29&gpp=DBAA&gpp_sid=2:0
[  254619ms] [ERROR] Failed to load resource: the server responded with a status of 403 () @ https://c1.adform.net/serving/cookie/match?party=29&gpp=DBAA&gpp_sid=2:0
[  278811ms] [ERROR] Failed to load resource: the server responded with a status of 403 () @ https://c1.adform.net/serving/cookie/match?party=29&gpp=DBAA&gpp_sid=2:0
[  284439ms] [ERROR] Failed to load resource: the server responded with a status of 403 () @ https://c1.adform.net/serving/cookie/match?party=29&gpp=DBAA&gpp_sid=2:0
[  284521ms] [DIR] SyntaxError @ https://js.ad-score.com/score.min.js?pid=1000943&tt=g:1
[  284669ms] [ERROR] Failed to load resource: the server responded with a status of 403 () @ https://c1.adform.net/serving/cookie/match?party=29&gpp=DBAA&gpp_sid=2:0
[  284704ms] [DIR] SyntaxError @ https://js.ad-score.com/score.min.js?pid=1000943&tt=g:1
[  292322ms] [WARNING] The resource https://dz2cdn1.dzone.com/themes/dz20/ftl/animations.css was preloaded using link preload but not used within a few seconds from the window's load event. Please make sure it has an appropriate `as` value and it is preloaded intentionally. @ https://dzone.com/articles/enterprise-architecture-in-ai:0
[  292322ms] [WARNING] The resource https://dz2cdn1.dzone.com/themes/dz20/ftl/tagging/styles.css was preloaded using link preload but not used within a few seconds from the window's load event. Please make sure it has an appropriate `as` value and it is preloaded intentionally. @ https://dzone.com/articles/enterprise-architecture-in-ai:0
[  302312ms] [WARNING] The resource https://dz2cdn1.dzone.com/themes/dz20/ftl/animations.css was preloaded using link preload but not used within a few seconds from the window's load event. Please make sure it has an appropriate `as` value and it is preloaded intentionally. @ https://dzone.com/articles/enterprise-architecture-in-ai:0
[  302313ms] [WARNING] The resource https://dz2cdn1.dzone.com/themes/dz20/ftl/tagging/styles.css was preloaded using link preload but not used within a few seconds from the window's load event. Please make sure it has an appropriate `as` value and it is preloaded intentionally. @ https://dzone.com/articles/enterprise-architecture-in-ai:0
[  306936ms] [ERROR] Access to fetch at 'https://us-east.pgammedia.com/pbjs' from origin 'https://dzone.com' has been blocked by CORS policy: No 'Access-Control-Allow-Origin' header is present on the requested resource. @ https://dzone.com/articles/enterprise-architecture-in-ai:0
[  306936ms] [ERROR] Failed to load resource: net::ERR_FAILED @ https://us-east.pgammedia.com/pbjs:0
[  308073ms] [INFO] Powered by AMP ⚡ HTML – Version 2607210106000 https://dzone.com/articles/enterprise-architecture-in-ai @ https://cdn.ampproject.org/rtv/012607210106000/amp4ads-v0.mjs:1
[   50860ms] [ERROR] Failed to load resource: net::ERR_CONNECTION_CLOSED @ https://cs.lkqd.net/cs?partnerId=59&redirect=https%3A%2F%2Fcm.g.doubleclick.net%2Fpixel%3Fgoogle_nid%3Dlkqd_dbm%26google_hm%3D%24%24rawlkqduserid%7Cbase64%24%24:0
[   51001ms] [ERROR] Failed to load resource: net::ERR_CONNECTION_CLOSED @ https://cs.lkqd.net/cs?partnerId=59&partnerUserId=CAESEBnipAqB64EwmfPMSdVGAoA&gpp=DBAA&gpp_sid=2&google_cver=1:0
[   63035ms] [ERROR] Failed to load resource: net::ERR_CONNECTION_CLOSED @ https://cs.lkqd.net/cs?partnerId=59&redirect=https%3A%2F%2Fcm.g.doubleclick.net%2Fpixel%3Fgoogle_nid%3Dlkqd_dbm%26google_hm%3D%24%24rawlkqduserid%7Cbase64%24%24:0
[   63185ms] [ERROR] Failed to load resource: net::ERR_CONNECTION_CLOSED @ https://cs.lkqd.net/cs?partnerId=59&partnerUserId=CAESEBnipAqB64EwmfPMSdVGAoA&gpp=DBAA&gpp_sid=2&google_cver=1:0
[  113087ms] [ERROR] Failed to load resource: net::ERR_CONNECTION_CLOSED @ https://sync.search.spotxchange.com/partner?adv_id=7025&gpp=DBAA&gpp_sid=2&redir=https%3A%2F%2Fcm.g.doubleclick.net%2Fpixel%3Fgoogle_nid%3Dspotxchange_dbm%26google_hm%3D%24SPOTX_BASE64_USER_ID:0
[  113297ms] [ERROR] Failed to load resource: net::ERR_CONNECTION_CLOSED @ https://sync.search.spotxchange.com/partner?adv_id=7025&gpp=DBAA&gpp_sid=2&uid=CAESEMnAxbEUbSEE-Jpg0Yr4wp8&google_cver=1:0
[  220830ms] [ERROR] Failed to load resource: net::ERR_TIMED_OUT @ https://ads.yieldmo.com/exptsync?partner_id=dv360&gpp=DBAA&gpp_sid=2:0
[  220957ms] [ERROR] Failed to load resource: net::ERR_TIMED_OUT @ https://ads.yieldmo.com/v000/sync?gpp=DBAA&gpp_sid=2&google_gid=CAESEGkyd1_B--QWM4e2VGAX-Lw&google_cver=1:0
[  234145ms] [ERROR] Failed to load resource: net::ERR_CONNECTION_CLOSED @ https://cookie-sync.api.soundcast.fm/v1/esync?url=https%3A%2F%2Fcm.g.doubleclick.net%2Fpixel%3Fgoogle_nid%3Dsoundcast_dbm%26google_hm%3D%24UID&gpp=DBAA&gpp_sid=2:0
[  278790ms] [ERROR] Failed to load resource: the server responded with a status of 400 (Bad Request) @ https://cksync.yahoo.co.jp/sspsync?ptr=12703&google_gid=CAESEK8Md1hM9gOJACKvljzQCPw&google_cver=1&google_push=AeofssLirD3heUEkJoU_OtAJj3SPFcNIU2YPreQUQ5rIZnlrZfhOa5Y8oOSRBM0hV3OG5iYMfaqhAnFC0DDdtOlFJLw6oJh5XvF272vOibooWihboDQJY70nX_JrlC1C_wEW8DnrlmBb9B_uwJCDl_UpGJvu:0
[   50860ms] [ERROR] Failed to load resource: net::ERR_CONNECTION_CLOSED @ https://cs.lkqd.net/cs?partnerId=59&redirect=https%3A%2F%2Fcm.g.doubleclick.net%2Fpixel%3Fgoogle_nid%3Dlkqd_dbm%26google_hm%3D%24%24rawlkqduserid%7Cbase64%24%24:0
[   51001ms] [ERROR] Failed to load resource: net::ERR_CONNECTION_CLOSED @ https://cs.lkqd.net/cs?partnerId=59&partnerUserId=CAESEBnipAqB64EwmfPMSdVGAoA&gpp=DBAA&gpp_sid=2&google_cver=1:0
[   63035ms] [ERROR] Failed to load resource: net::ERR_CONNECTION_CLOSED @ https://cs.lkqd.net/cs?partnerId=59&redirect=https%3A%2F%2Fcm.g.doubleclick.net%2Fpixel%3Fgoogle_nid%3Dlkqd_dbm%26google_hm%3D%24%24rawlkqduserid%7Cbase64%24%24:0
[   63185ms] [ERROR] Failed to load resource: net::ERR_CONNECTION_CLOSED @ https://cs.lkqd.net/cs?partnerId=59&partnerUserId=CAESEBnipAqB64EwmfPMSdVGAoA&gpp=DBAA&gpp_sid=2&google_cver=1:0
[  113087ms] [ERROR] Failed to load resource: net::ERR_CONNECTION_CLOSED @ https://sync.search.spotxchange.com/partner?adv_id=7025&gpp=DBAA&gpp_sid=2&redir=https%3A%2F%2Fcm.g.doubleclick.net%2Fpixel%3Fgoogle_nid%3Dspotxchange_dbm%26google_hm%3D%24SPOTX_BASE64_USER_ID:0
[  113297ms] [ERROR] Failed to load resource: net::ERR_CONNECTION_CLOSED @ https://sync.search.spotxchange.com/partner?adv_id=7025&gpp=DBAA&gpp_sid=2&uid=CAESEMnAxbEUbSEE-Jpg0Yr4wp8&google_cver=1:0
[  220830ms] [ERROR] Failed to load resource: net::ERR_TIMED_OUT @ https://ads.yieldmo.com/exptsync?partner_id=dv360&gpp=DBAA&gpp_sid=2:0
[  220957ms] [ERROR] Failed to load resource: net::ERR_TIMED_OUT @ https://ads.yieldmo.com/v000/sync?gpp=DBAA&gpp_sid=2&google_gid=CAESEGkyd1_B--QWM4e2VGAX-Lw&google_cver=1:0
[  234145ms] [ERROR] Failed to load resource: net::ERR_CONNECTION_CLOSED @ https://cookie-sync.api.soundcast.fm/v1/esync?url=https%3A%2F%2Fcm.g.doubleclick.net%2Fpixel%3Fgoogle_nid%3Dsoundcast_dbm%26google_hm%3D%24UID&gpp=DBAA&gpp_sid=2:0
[  278790ms] [ERROR] Failed to load resource: the server responded with a status of 400 (Bad Request) @ https://cksync.yahoo.co.jp/sspsync?ptr=12703&google_gid=CAESEK8Md1hM9gOJACKvljzQCPw&google_cver=1&google_push=AeofssLirD3heUEkJoU_OtAJj3SPFcNIU2YPreQUQ5rIZnlrZfhOa5Y8oOSRBM0hV3OG5iYMfaqhAnFC0DDdtOlFJLw6oJh5XvF272vOibooWihboDQJY70nX_JrlC1C_wEW8DnrlmBb9B_uwJCDl_UpGJvu:0
[    7757ms] [ERROR] Failed to load resource: the server responded with a status of 403 () @ https://c1.adform.net/serving/cookie/match?party=29&gpp=DBAA&gpp_sid=2:0
[   39360ms] [ERROR] Failed to load resource: the server responded with a status of 403 () @ https://c1.adform.net/serving/cookie/match?party=29&gpp=DBAA&gpp_sid=2:0
[   39511ms] [ERROR] Failed to load resource: net::ERR_TIMED_OUT @ https://t.adx.opera.com/pub/sync?pubid=pub10256699365696&userId=apisAhdaREUAGxdYAAoIuAAA%265378&gdpr=&us_privacy=&gdpr_consent=&gpp=&gpp_sid=:0
[   39558ms] [ERROR] Failed to load resource: the server responded with a status of 403 () @ https://c1.adform.net/serving/cookie/match?party=29&gpp=DBAA&gpp_sid=2:0
[   39790ms] [ERROR] Failed to load resource: the server responded with a status of 403 () @ https://c1.adform.net/serving/cookie/match?party=29&gpp=DBAA&gpp_sid=2:0
[   67908ms] [ERROR] Failed to load resource: net::ERR_TIMED_OUT @ https://t.adx.opera.com/pub/sync?pubid=pub10256699365696&userId=apisAhdaREUAGxdYAAoIuAAA%265378&gdpr=&us_privacy=&gdpr_consent=&gpp=DBAA&gpp_sid=2:0
[   69294ms] [ERROR] Failed to load resource: the server responded with a status of 403 () @ https://c1.adform.net/serving/cookie/match?party=29&gpp=DBAA&gpp_sid=2:0
[   69523ms] [ERROR] Failed to load resource: the server responded with a status of 403 () @ https://c1.adform.net/serving/cookie/match?party=29&gpp=DBAA&gpp_sid=2:0
[   69751ms] [ERROR] Failed to load resource: the server responded with a status of 403 () @ https://c1.adform.net/serving/cookie/match?party=29&gpp=DBAA&gpp_sid=2:0
[   89186ms] [ERROR] Failed to load resource: net::ERR_TIMED_OUT @ https://t.adx.opera.com/pub/sync?pubid=pub10256699365696&userId=apisAhdaREUAGxdYAAoIuAAA%265378&gdpr=&us_privacy=&gdpr_consent=&gpp=DBAA&gpp_sid=2:0
[   98554ms] [ERROR] Failed to load resource: the server responded with a status of 403 () @ https://c1.adform.net/serving/cookie/match?party=29&gpp=DBAA&gpp_sid=2:0
[  101199ms] [ERROR] Failed to load resource: the server responded with a status of 403 () @ https://c1.adform.net/serving/cookie/match?party=29&gpp=DBAA&gpp_sid=2:0
[  101428ms] [ERROR] Failed to load resource: the server responded with a status of 403 () @ https://c1.adform.net/serving/cookie/match?party=29&gpp=DBAA&gpp_sid=2:0
[  128660ms] [ERROR] Failed to load resource: the server responded with a status of 403 () @ https://c1.adform.net/serving/cookie/match?party=29&gpp=DBAA&gpp_sid=2:0
[  131196ms] [ERROR] Failed to load resource: the server responded with a status of 403 () @ https://c1.adform.net/serving/cookie/match?party=29&gpp=DBAA&gpp_sid=2:0
[  131423ms] [ERROR] Failed to load resource: the server responded with a status of 403 () @ https://c1.adform.net/serving/cookie/match?party=29&gpp=DBAA&gpp_sid=2:0
[  151076ms] [ERROR] Failed to load resource: net::ERR_TIMED_OUT @ https://t.adx.opera.com/pub/sync?pubid=pub10256699365696&userId=apisAhdaREUAGxdYAAoIuAAA%265378&gdpr=&us_privacy=&gdpr_consent=&gpp=DBAA&gpp_sid=2:0
[  151233ms] [ERROR] Failed to load resource: net::ERR_TIMED_OUT @ https://t.adx.opera.com/pub/sync?pubid=pub10256699365696&userId=apisAhdaREUAGxdYAAoIuAAA%265378&gdpr=&us_privacy=&gdpr_consent=&gpp=DBAA&gpp_sid=2:0
[  158482ms] [ERROR] Failed to load resource: net::ERR_TIMED_OUT @ https://t.adx.opera.com/pub/sync?pubid=pub10256699365696&userId=apisAhdaREUAGxdYAAoIuAAA%265378&gdpr=&us_privacy=&gdpr_consent=&gpp=DBAA&gpp_sid=2:0
[  158658ms] [ERROR] Failed to load resource: the server responded with a status of 403 () @ https://c1.adform.net/serving/cookie/match?party=29&gpp=DBAA&gpp_sid=2:0
[  161278ms] [ERROR] Failed to load resource: the server responded with a status of 403 () @ https://c1.adform.net/serving/cookie/match?party=29&gpp=DBAA&gpp_sid=2:0
[  161506ms] [ERROR] Failed to load resource: the server responded with a status of 403 () @ https://c1.adform.net/serving/cookie/match?party=29&gpp=DBAA&gpp_sid=2:0
[  181029ms] [ERROR] Failed to load resource: net::ERR_TIMED_OUT @ https://t.adx.opera.com/pub/sync?pubid=pub10256699365696&userId=apisAhdaREUAGxdYAAoIuAAA%265378&gdpr=&us_privacy=&gdpr_consent=&gpp=DBAA&gpp_sid=2:0
[  181079ms] [ERROR] Failed to load resource: net::ERR_TIMED_OUT @ https://t.adx.opera.com/pub/sync?pubid=pub10256699365696&userId=apisAhdaREUAGxdYAAoIuAAA%265378&gdpr=&us_privacy=&gdpr_consent=&gpp=DBAA&gpp_sid=2:0
[  188485ms] [ERROR] Failed to load resource: net::ERR_TIMED_OUT @ https://t.adx.opera.com/pub/sync?pubid=pub10256699365696&userId=apisAhdaREUAGxdYAAoIuAAA%265378&gdpr=&us_privacy=&gdpr_consent=&gpp=DBAA&gpp_sid=2:0
[  188622ms] [ERROR] Failed to load resource: the server responded with a status of 403 () @ https://c1.adform.net/serving/cookie/match?party=29&gpp=DBAA&gpp_sid=2:0
[  191048ms] [ERROR] Failed to load resource: the server responded with a status of 403 () @ https://c1.adform.net/serving/cookie/match?party=29&gpp=DBAA&gpp_sid=2:0
[  191277ms] [ERROR] Failed to load resource: the server responded with a status of 403 () @ https://c1.adform.net/serving/cookie/match?party=29&gpp=DBAA&gpp_sid=2:0
[  211036ms] [ERROR] Failed to load resource: net::ERR_TIMED_OUT @ https://t.adx.opera.com/pub/sync?pubid=pub10256699365696&userId=apisAhdaREUAGxdYAAoIuAAA%265378&gdpr=&us_privacy=&gdpr_consent=&gpp=DBAA&gpp_sid=2:0
[  211083ms] [ERROR] Failed to load resource: net::ERR_TIMED_OUT @ https://t.adx.opera.com/pub/sync?pubid=pub10256699365696&userId=apisAhdaREUAGxdYAAoIuAAA%265378&gdpr=&us_privacy=&gdpr_consent=&gpp=DBAA&gpp_sid=2:0
[  218489ms] [ERROR] Failed to load resource: net::ERR_TIMED_OUT @ https://t.adx.opera.com/pub/sync?pubid=pub10256699365696&userId=apisAhdaREUAGxdYAAoIuAAA%265378&gdpr=&us_privacy=&gdpr_consent=&gpp=DBAA&gpp_sid=2:0
[  218537ms] [ERROR] Failed to load resource: the server responded with a status of 403 () @ https://c1.adform.net/serving/cookie/match?party=29&gpp=DBAA&gpp_sid=2:0
[  222329ms] [ERROR] Failed to load resource: the server responded with a status of 403 () @ https://c1.adform.net/serving/cookie/match?party=29&gpp=DBAA&gpp_sid=2:0
[  222559ms] [ERROR] Failed to load resource: the server responded with a status of 403 () @ https://c1.adform.net/serving/cookie/match?party=29&gpp=DBAA&gpp_sid=2:0
[  240877ms] [ERROR] Failed to load resource: net::ERR_TIMED_OUT @ https://t.adx.opera.com/pub/sync?pubid=pub10256699365696&userId=apisAhdaREUAGxdYAAoIuAAA%265378&gdpr=&us_privacy=&gdpr_consent=&gpp=DBAA&gpp_sid=2:0
[  241038ms] [ERROR] Failed to load resource: net::ERR_TIMED_OUT @ https://t.adx.opera.com/pub/sync?pubid=pub10256699365696&userId=apisAhdaREUAGxdYAAoIuAAA%265378&gdpr=&us_privacy=&gdpr_consent=&gpp=DBAA&gpp_sid=2:0
[  248492ms] [ERROR] Failed to load resource: net::ERR_TIMED_OUT @ https://t.adx.opera.com/pub/sync?pubid=pub10256699365696&userId=apisAhdaREUAGxdYAAoIuAAA%265378&gdpr=&us_privacy=&gdpr_consent=&gpp=DBAA&gpp_sid=2:0
[  254385ms] [ERROR] Failed to load resource: the server responded with a status of 403 () @ https://c1.adform.net/serving/cookie/match?party=29&gpp=DBAA&gpp_sid=2:0
[  254619ms] [ERROR] Failed to load resource: the server responded with a status of 403 () @ https://c1.adform.net/serving/cookie/match?party=29&gpp=DBAA&gpp_sid=2:0
[  278811ms] [ERROR] Failed to load resource: the server responded with a status of 403 () @ https://c1.adform.net/serving/cookie/match?party=29&gpp=DBAA&gpp_sid=2:0
[  284439ms] [ERROR] Failed to load resource: the server responded with a status of 403 () @ https://c1.adform.net/serving/cookie/match?party=29&gpp=DBAA&gpp_sid=2:0
[  284669ms] [ERROR] Failed to load resource: the server responded with a status of 403 () @ https://c1.adform.net/serving/cookie/match?party=29&gpp=DBAA&gpp_sid=2:0
[    7757ms] [ERROR] Failed to load resource: the server responded with a status of 403 () @ https://c1.adform.net/serving/cookie/match?party=29&gpp=DBAA&gpp_sid=2:0
[   39360ms] [ERROR] Failed to load resource: the server responded with a status of 403 () @ https://c1.adform.net/serving/cookie/match?party=29&gpp=DBAA&gpp_sid=2:0
[   39511ms] [ERROR] Failed to load resource: net::ERR_TIMED_OUT @ https://t.adx.opera.com/pub/sync?pubid=pub10256699365696&userId=apisAhdaREUAGxdYAAoIuAAA%265378&gdpr=&us_privacy=&gdpr_consent=&gpp=&gpp_sid=:0
[   39558ms] [ERROR] Failed to load resource: the server responded with a status of 403 () @ https://c1.adform.net/serving/cookie/match?party=29&gpp=DBAA&gpp_sid=2:0
[   39790ms] [ERROR] Failed to load resource: the server responded with a status of 403 () @ https://c1.adform.net/serving/cookie/match?party=29&gpp=DBAA&gpp_sid=2:0
[   67908ms] [ERROR] Failed to load resource: net::ERR_TIMED_OUT @ https://t.adx.opera.com/pub/sync?pubid=pub10256699365696&userId=apisAhdaREUAGxdYAAoIuAAA%265378&gdpr=&us_privacy=&gdpr_consent=&gpp=DBAA&gpp_sid=2:0
[   69294ms] [ERROR] Failed to load resource: the server responded with a status of 403 () @ https://c1.adform.net/serving/cookie/match?party=29&gpp=DBAA&gpp_sid=2:0
[   69523ms] [ERROR] Failed to load resource: the server responded with a status of 403 () @ https://c1.adform.net/serving/cookie/match?party=29&gpp=DBAA&gpp_sid=2:0
[   69751ms] [ERROR] Failed to load resource: the server responded with a status of 403 () @ https://c1.adform.net/serving/cookie/match?party=29&gpp=DBAA&gpp_sid=2:0
[   89186ms] [ERROR] Failed to load resource: net::ERR_TIMED_OUT @ https://t.adx.opera.com/pub/sync?pubid=pub10256699365696&userId=apisAhdaREUAGxdYAAoIuAAA%265378&gdpr=&us_privacy=&gdpr_consent=&gpp=DBAA&gpp_sid=2:0
[   98554ms] [ERROR] Failed to load resource: the server responded with a status of 403 () @ https://c1.adform.net/serving/cookie/match?party=29&gpp=DBAA&gpp_sid=2:0
[  101199ms] [ERROR] Failed to load resource: the server responded with a status of 403 () @ https://c1.adform.net/serving/cookie/match?party=29&gpp=DBAA&gpp_sid=2:0
[  101428ms] [ERROR] Failed to load resource: the server responded with a status of 403 () @ https://c1.adform.net/serving/cookie/match?party=29&gpp=DBAA&gpp_sid=2:0
[  128660ms] [ERROR] Failed to load resource: the server responded with a status of 403 () @ https://c1.adform.net/serving/cookie/match?party=29&gpp=DBAA&gpp_sid=2:0
[  131196ms] [ERROR] Failed to load resource: the server responded with a status of 403 () @ https://c1.adform.net/serving/cookie/match?party=29&gpp=DBAA&gpp_sid=2:0
[  131423ms] [ERROR] Failed to load resource: the server responded with a status of 403 () @ https://c1.adform.net/serving/cookie/match?party=29&gpp=DBAA&gpp_sid=2:0
[  151076ms] [ERROR] Failed to load resource: net::ERR_TIMED_OUT @ https://t.adx.opera.com/pub/sync?pubid=pub10256699365696&userId=apisAhdaREUAGxdYAAoIuAAA%265378&gdpr=&us_privacy=&gdpr_consent=&gpp=DBAA&gpp_sid=2:0
[  151233ms] [ERROR] Failed to load resource: net::ERR_TIMED_OUT @ https://t.adx.opera.com/pub/sync?pubid=pub10256699365696&userId=apisAhdaREUAGxdYAAoIuAAA%265378&gdpr=&us_privacy=&gdpr_consent=&gpp=DBAA&gpp_sid=2:0
[  158482ms] [ERROR] Failed to load resource: net::ERR_TIMED_OUT @ https://t.adx.opera.com/pub/sync?pubid=pub10256699365696&userId=apisAhdaREUAGxdYAAoIuAAA%265378&gdpr=&us_privacy=&gdpr_consent=&gpp=DBAA&gpp_sid=2:0
[  158658ms] [ERROR] Failed to load resource: the server responded with a status of 403 () @ https://c1.adform.net/serving/cookie/match?party=29&gpp=DBAA&gpp_sid=2:0
[  161278ms] [ERROR] Failed to load resource: the server responded with a status of 403 () @ https://c1.adform.net/serving/cookie/match?party=29&gpp=DBAA&gpp_sid=2:0
[  161506ms] [ERROR] Failed to load resource: the server responded with a status of 403 () @ https://c1.adform.net/serving/cookie/match?party=29&gpp=DBAA&gpp_sid=2:0
[  181029ms] [ERROR] Failed to load resource: net::ERR_TIMED_OUT @ https://t.adx.opera.com/pub/sync?pubid=pub10256699365696&userId=apisAhdaREUAGxdYAAoIuAAA%265378&gdpr=&us_privacy=&gdpr_consent=&gpp=DBAA&gpp_sid=2:0
[  181079ms] [ERROR] Failed to load resource: net::ERR_TIMED_OUT @ https://t.adx.opera.com/pub/sync?pubid=pub10256699365696&userId=apisAhdaREUAGxdYAAoIuAAA%265378&gdpr=&us_privacy=&gdpr_consent=&gpp=DBAA&gpp_sid=2:0
[  188485ms] [ERROR] Failed to load resource: net::ERR_TIMED_OUT @ https://t.adx.opera.com/pub/sync?pubid=pub10256699365696&userId=apisAhdaREUAGxdYAAoIuAAA%265378&gdpr=&us_privacy=&gdpr_consent=&gpp=DBAA&gpp_sid=2:0
[  188622ms] [ERROR] Failed to load resource: the server responded with a status of 403 () @ https://c1.adform.net/serving/cookie/match?party=29&gpp=DBAA&gpp_sid=2:0
[  191048ms] [ERROR] Failed to load resource: the server responded with a status of 403 () @ https://c1.adform.net/serving/cookie/match?party=29&gpp=DBAA&gpp_sid=2:0
[  191277ms] [ERROR] Failed to load resource: the server responded with a status of 403 () @ https://c1.adform.net/serving/cookie/match?party=29&gpp=DBAA&gpp_sid=2:0
[  211036ms] [ERROR] Failed to load resource: net::ERR_TIMED_OUT @ https://t.adx.opera.com/pub/sync?pubid=pub10256699365696&userId=apisAhdaREUAGxdYAAoIuAAA%265378&gdpr=&us_privacy=&gdpr_consent=&gpp=DBAA&gpp_sid=2:0
[  211083ms] [ERROR] Failed to load resource: net::ERR_TIMED_OUT @ https://t.adx.opera.com/pub/sync?pubid=pub10256699365696&userId=apisAhdaREUAGxdYAAoIuAAA%265378&gdpr=&us_privacy=&gdpr_consent=&gpp=DBAA&gpp_sid=2:0
[  218489ms] [ERROR] Failed to load resource: net::ERR_TIMED_OUT @ https://t.adx.opera.com/pub/sync?pubid=pub10256699365696&userId=apisAhdaREUAGxdYAAoIuAAA%265378&gdpr=&us_privacy=&gdpr_consent=&gpp=DBAA&gpp_sid=2:0
[  218537ms] [ERROR] Failed to load resource: the server responded with a status of 403 () @ https://c1.adform.net/serving/cookie/match?party=29&gpp=DBAA&gpp_sid=2:0
[  222329ms] [ERROR] Failed to load resource: the server responded with a status of 403 () @ https://c1.adform.net/serving/cookie/match?party=29&gpp=DBAA&gpp_sid=2:0
[  222559ms] [ERROR] Failed to load resource: the server responded with a status of 403 () @ https://c1.adform.net/serving/cookie/match?party=29&gpp=DBAA&gpp_sid=2:0
[  240877ms] [ERROR] Failed to load resource: net::ERR_TIMED_OUT @ https://t.adx.opera.com/pub/sync?pubid=pub10256699365696&userId=apisAhdaREUAGxdYAAoIuAAA%265378&gdpr=&us_privacy=&gdpr_consent=&gpp=DBAA&gpp_sid=2:0
[  241038ms] [ERROR] Failed to load resource: net::ERR_TIMED_OUT @ https://t.adx.opera.com/pub/sync?pubid=pub10256699365696&userId=apisAhdaREUAGxdYAAoIuAAA%265378&gdpr=&us_privacy=&gdpr_consent=&gpp=DBAA&gpp_sid=2:0
[  248492ms] [ERROR] Failed to load resource: net::ERR_TIMED_OUT @ https://t.adx.opera.com/pub/sync?pubid=pub10256699365696&userId=apisAhdaREUAGxdYAAoIuAAA%265378&gdpr=&us_privacy=&gdpr_consent=&gpp=DBAA&gpp_sid=2:0
[  254385ms] [ERROR] Failed to load resource: the server responded with a status of 403 () @ https://c1.adform.net/serving/cookie/match?party=29&gpp=DBAA&gpp_sid=2:0
[  254619ms] [ERROR] Failed to load resource: the server responded with a status of 403 () @ https://c1.adform.net/serving/cookie/match?party=29&gpp=DBAA&gpp_sid=2:0
[  278811ms] [ERROR] Failed to load resource: the server responded with a status of 403 () @ https://c1.adform.net/serving/cookie/match?party=29&gpp=DBAA&gpp_sid=2:0
[  284439ms] [ERROR] Failed to load resource: the server responded with a status of 403 () @ https://c1.adform.net/serving/cookie/match?party=29&gpp=DBAA&gpp_sid=2:0
[  284669ms] [ERROR] Failed to load resource: the server responded with a status of 403 () @ https://c1.adform.net/serving/cookie/match?party=29&gpp=DBAA&gpp_sid=2:0
[  314452ms] [ERROR] Failed to load resource: the server responded with a status of 403 () @ https://c1.adform.net/serving/cookie/match?party=29&gpp=DBAA&gpp_sid=2:0
[  314543ms] [DIR] SyntaxError @ https://js.ad-score.com/score.min.js?pid=1000943&tt=g:1
[  314672ms] [DIR] SyntaxError @ https://js.ad-score.com/score.min.js?pid=1000943&tt=g:1
[  314683ms] [ERROR] Failed to load resource: the server responded with a status of 403 () @ https://c1.adform.net/serving/cookie/match?party=29&gpp=DBAA&gpp_sid=2:0
[  322387ms] [WARNING] The resource https://dz2cdn1.dzone.com/themes/dz20/ftl/animations.css was preloaded using link preload but not used within a few seconds from the window's load event. Please make sure it has an appropriate `as` value and it is preloaded intentionally. @ https://dzone.com/articles/enterprise-architecture-in-ai:0
[  322388ms] [WARNING] The resource https://dz2cdn1.dzone.com/themes/dz20/ftl/tagging/styles.css was preloaded using link preload but not used within a few seconds from the window's load event. Please make sure it has an appropriate `as` value and it is preloaded intentionally. @ https://dzone.com/articles/enterprise-architecture-in-ai:0
[  332412ms] [WARNING] The resource https://dz2cdn1.dzone.com/themes/dz20/ftl/animations.css was preloaded using link preload but not used within a few seconds from the window's load event. Please make sure it has an appropriate `as` value and it is preloaded intentionally. @ https://dzone.com/articles/enterprise-architecture-in-ai:0
[  332412ms] [WARNING] The resource https://dz2cdn1.dzone.com/themes/dz20/ftl/tagging/styles.css was preloaded using link preload but not used within a few seconds from the window's load event. Please make sure it has an appropriate `as` value and it is preloaded intentionally. @ https://dzone.com/articles/enterprise-architecture-in-ai:0
[   50860ms] [ERROR] Failed to load resource: net::ERR_CONNECTION_CLOSED @ https://cs.lkqd.net/cs?partnerId=59&redirect=https%3A%2F%2Fcm.g.doubleclick.net%2Fpixel%3Fgoogle_nid%3Dlkqd_dbm%26google_hm%3D%24%24rawlkqduserid%7Cbase64%24%24:0
[   51001ms] [ERROR] Failed to load resource: net::ERR_CONNECTION_CLOSED @ https://cs.lkqd.net/cs?partnerId=59&partnerUserId=CAESEBnipAqB64EwmfPMSdVGAoA&gpp=DBAA&gpp_sid=2&google_cver=1:0
[   63035ms] [ERROR] Failed to load resource: net::ERR_CONNECTION_CLOSED @ https://cs.lkqd.net/cs?partnerId=59&redirect=https%3A%2F%2Fcm.g.doubleclick.net%2Fpixel%3Fgoogle_nid%3Dlkqd_dbm%26google_hm%3D%24%24rawlkqduserid%7Cbase64%24%24:0
[   63185ms] [ERROR] Failed to load resource: net::ERR_CONNECTION_CLOSED @ https://cs.lkqd.net/cs?partnerId=59&partnerUserId=CAESEBnipAqB64EwmfPMSdVGAoA&gpp=DBAA&gpp_sid=2&google_cver=1:0
[  113087ms] [ERROR] Failed to load resource: net::ERR_CONNECTION_CLOSED @ https://sync.search.spotxchange.com/partner?adv_id=7025&gpp=DBAA&gpp_sid=2&redir=https%3A%2F%2Fcm.g.doubleclick.net%2Fpixel%3Fgoogle_nid%3Dspotxchange_dbm%26google_hm%3D%24SPOTX_BASE64_USER_ID:0
[  113297ms] [ERROR] Failed to load resource: net::ERR_CONNECTION_CLOSED @ https://sync.search.spotxchange.com/partner?adv_id=7025&gpp=DBAA&gpp_sid=2&uid=CAESEMnAxbEUbSEE-Jpg0Yr4wp8&google_cver=1:0
[  220830ms] [ERROR] Failed to load resource: net::ERR_TIMED_OUT @ https://ads.yieldmo.com/exptsync?partner_id=dv360&gpp=DBAA&gpp_sid=2:0
[  220957ms] [ERROR] Failed to load resource: net::ERR_TIMED_OUT @ https://ads.yieldmo.com/v000/sync?gpp=DBAA&gpp_sid=2&google_gid=CAESEGkyd1_B--QWM4e2VGAX-Lw&google_cver=1:0
[  234145ms] [ERROR] Failed to load resource: net::ERR_CONNECTION_CLOSED @ https://cookie-sync.api.soundcast.fm/v1/esync?url=https%3A%2F%2Fcm.g.doubleclick.net%2Fpixel%3Fgoogle_nid%3Dsoundcast_dbm%26google_hm%3D%24UID&gpp=DBAA&gpp_sid=2:0
[  278790ms] [ERROR] Failed to load resource: the server responded with a status of 400 (Bad Request) @ https://cksync.yahoo.co.jp/sspsync?ptr=12703&google_gid=CAESEK8Md1hM9gOJACKvljzQCPw&google_cver=1&google_push=AeofssLirD3heUEkJoU_OtAJj3SPFcNIU2YPreQUQ5rIZnlrZfhOa5Y8oOSRBM0hV3OG5iYMfaqhAnFC0DDdtOlFJLw6oJh5XvF272vOibooWihboDQJY70nX_JrlC1C_wEW8DnrlmBb9B_uwJCDl_UpGJvu:0
[    7757ms] [ERROR] Failed to load resource: the server responded with a status of 403 () @ https://c1.adform.net/serving/cookie/match?party=29&gpp=DBAA&gpp_sid=2:0
[   39360ms] [ERROR] Failed to load resource: the server responded with a status of 403 () @ https://c1.adform.net/serving/cookie/match?party=29&gpp=DBAA&gpp_sid=2:0
[   39511ms] [ERROR] Failed to load resource: net::ERR_TIMED_OUT @ https://t.adx.opera.com/pub/sync?pubid=pub10256699365696&userId=apisAhdaREUAGxdYAAoIuAAA%265378&gdpr=&us_privacy=&gdpr_consent=&gpp=&gpp_sid=:0
[   39558ms] [ERROR] Failed to load resource: the server responded with a status of 403 () @ https://c1.adform.net/serving/cookie/match?party=29&gpp=DBAA&gpp_sid=2:0
[   39790ms] [ERROR] Failed to load resource: the server responded with a status of 403 () @ https://c1.adform.net/serving/cookie/match?party=29&gpp=DBAA&gpp_sid=2:0
[   67908ms] [ERROR] Failed to load resource: net::ERR_TIMED_OUT @ https://t.adx.opera.com/pub/sync?pubid=pub10256699365696&userId=apisAhdaREUAGxdYAAoIuAAA%265378&gdpr=&us_privacy=&gdpr_consent=&gpp=DBAA&gpp_sid=2:0
[   69294ms] [ERROR] Failed to load resource: the server responded with a status of 403 () @ https://c1.adform.net/serving/cookie/match?party=29&gpp=DBAA&gpp_sid=2:0
[   69523ms] [ERROR] Failed to load resource: the server responded with a status of 403 () @ https://c1.adform.net/serving/cookie/match?party=29&gpp=DBAA&gpp_sid=2:0
[   69751ms] [ERROR] Failed to load resource: the server responded with a status of 403 () @ https://c1.adform.net/serving/cookie/match?party=29&gpp=DBAA&gpp_sid=2:0
[   89186ms] [ERROR] Failed to load resource: net::ERR_TIMED_OUT @ https://t.adx.opera.com/pub/sync?pubid=pub10256699365696&userId=apisAhdaREUAGxdYAAoIuAAA%265378&gdpr=&us_privacy=&gdpr_consent=&gpp=DBAA&gpp_sid=2:0
[   98554ms] [ERROR] Failed to load resource: the server responded with a status of 403 () @ https://c1.adform.net/serving/cookie/match?party=29&gpp=DBAA&gpp_sid=2:0
[  101199ms] [ERROR] Failed to load resource: the server responded with a status of 403 () @ https://c1.adform.net/serving/cookie/match?party=29&gpp=DBAA&gpp_sid=2:0
[  101428ms] [ERROR] Failed to load resource: the server responded with a status of 403 () @ https://c1.adform.net/serving/cookie/match?party=29&gpp=DBAA&gpp_sid=2:0
[  128660ms] [ERROR] Failed to load resource: the server responded with a status of 403 () @ https://c1.adform.net/serving/cookie/match?party=29&gpp=DBAA&gpp_sid=2:0
[  131196ms] [ERROR] Failed to load resource: the server responded with a status of 403 () @ https://c1.adform.net/serving/cookie/match?party=29&gpp=DBAA&gpp_sid=2:0
[  131423ms] [ERROR] Failed to load resource: the server responded with a status of 403 () @ https://c1.adform.net/serving/cookie/match?party=29&gpp=DBAA&gpp_sid=2:0
[  151076ms] [ERROR] Failed to load resource: net::ERR_TIMED_OUT @ https://t.adx.opera.com/pub/sync?pubid=pub10256699365696&userId=apisAhdaREUAGxdYAAoIuAAA%265378&gdpr=&us_privacy=&gdpr_consent=&gpp=DBAA&gpp_sid=2:0
[  151233ms] [ERROR] Failed to load resource: net::ERR_TIMED_OUT @ https://t.adx.opera.com/pub/sync?pubid=pub10256699365696&userId=apisAhdaREUAGxdYAAoIuAAA%265378&gdpr=&us_privacy=&gdpr_consent=&gpp=DBAA&gpp_sid=2:0
[  158482ms] [ERROR] Failed to load resource: net::ERR_TIMED_OUT @ https://t.adx.opera.com/pub/sync?pubid=pub10256699365696&userId=apisAhdaREUAGxdYAAoIuAAA%265378&gdpr=&us_privacy=&gdpr_consent=&gpp=DBAA&gpp_sid=2:0
[  158658ms] [ERROR] Failed to load resource: the server responded with a status of 403 () @ https://c1.adform.net/serving/cookie/match?party=29&gpp=DBAA&gpp_sid=2:0
[  161278ms] [ERROR] Failed to load resource: the server responded with a status of 403 () @ https://c1.adform.net/serving/cookie/match?party=29&gpp=DBAA&gpp_sid=2:0
[  161506ms] [ERROR] Failed to load resource: the server responded with a status of 403 () @ https://c1.adform.net/serving/cookie/match?party=29&gpp=DBAA&gpp_sid=2:0
[  181029ms] [ERROR] Failed to load resource: net::ERR_TIMED_OUT @ https://t.adx.opera.com/pub/sync?pubid=pub10256699365696&userId=apisAhdaREUAGxdYAAoIuAAA%265378&gdpr=&us_privacy=&gdpr_consent=&gpp=DBAA&gpp_sid=2:0
[  181079ms] [ERROR] Failed to load resource: net::ERR_TIMED_OUT @ https://t.adx.opera.com/pub/sync?pubid=pub10256699365696&userId=apisAhdaREUAGxdYAAoIuAAA%265378&gdpr=&us_privacy=&gdpr_consent=&gpp=DBAA&gpp_sid=2:0
[  188485ms] [ERROR] Failed to load resource: net::ERR_TIMED_OUT @ https://t.adx.opera.com/pub/sync?pubid=pub10256699365696&userId=apisAhdaREUAGxdYAAoIuAAA%265378&gdpr=&us_privacy=&gdpr_consent=&gpp=DBAA&gpp_sid=2:0
[  188622ms] [ERROR] Failed to load resource: the server responded with a status of 403 () @ https://c1.adform.net/serving/cookie/match?party=29&gpp=DBAA&gpp_sid=2:0
[  191048ms] [ERROR] Failed to load resource: the server responded with a status of 403 () @ https://c1.adform.net/serving/cookie/match?party=29&gpp=DBAA&gpp_sid=2:0
[  191277ms] [ERROR] Failed to load resource: the server responded with a status of 403 () @ https://c1.adform.net/serving/cookie/match?party=29&gpp=DBAA&gpp_sid=2:0
[  211036ms] [ERROR] Failed to load resource: net::ERR_TIMED_OUT @ https://t.adx.opera.com/pub/sync?pubid=pub10256699365696&userId=apisAhdaREUAGxdYAAoIuAAA%265378&gdpr=&us_privacy=&gdpr_consent=&gpp=DBAA&gpp_sid=2:0
[  211083ms] [ERROR] Failed to load resource: net::ERR_TIMED_OUT @ https://t.adx.opera.com/pub/sync?pubid=pub10256699365696&userId=apisAhdaREUAGxdYAAoIuAAA%265378&gdpr=&us_privacy=&gdpr_consent=&gpp=DBAA&gpp_sid=2:0
[  218489ms] [ERROR] Failed to load resource: net::ERR_TIMED_OUT @ https://t.adx.opera.com/pub/sync?pubid=pub10256699365696&userId=apisAhdaREUAGxdYAAoIuAAA%265378&gdpr=&us_privacy=&gdpr_consent=&gpp=DBAA&gpp_sid=2:0
[  218537ms] [ERROR] Failed to load resource: the server responded with a status of 403 () @ https://c1.adform.net/serving/cookie/match?party=29&gpp=DBAA&gpp_sid=2:0
[  222329ms] [ERROR] Failed to load resource: the server responded with a status of 403 () @ https://c1.adform.net/serving/cookie/match?party=29&gpp=DBAA&gpp_sid=2:0
[  222559ms] [ERROR] Failed to load resource: the server responded with a status of 403 () @ https://c1.adform.net/serving/cookie/match?party=29&gpp=DBAA&gpp_sid=2:0
[  240877ms] [ERROR] Failed to load resource: net::ERR_TIMED_OUT @ https://t.adx.opera.com/pub/sync?pubid=pub10256699365696&userId=apisAhdaREUAGxdYAAoIuAAA%265378&gdpr=&us_privacy=&gdpr_consent=&gpp=DBAA&gpp_sid=2:0
[  241038ms] [ERROR] Failed to load resource: net::ERR_TIMED_OUT @ https://t.adx.opera.com/pub/sync?pubid=pub10256699365696&userId=apisAhdaREUAGxdYAAoIuAAA%265378&gdpr=&us_privacy=&gdpr_consent=&gpp=DBAA&gpp_sid=2:0
[  248492ms] [ERROR] Failed to load resource: net::ERR_TIMED_OUT @ https://t.adx.opera.com/pub/sync?pubid=pub10256699365696&userId=apisAhdaREUAGxdYAAoIuAAA%265378&gdpr=&us_privacy=&gdpr_consent=&gpp=DBAA&gpp_sid=2:0
[  254385ms] [ERROR] Failed to load resource: the server responded with a status of 403 () @ https://c1.adform.net/serving/cookie/match?party=29&gpp=DBAA&gpp_sid=2:0
[  254619ms] [ERROR] Failed to load resource: the server responded with a status of 403 () @ https://c1.adform.net/serving/cookie/match?party=29&gpp=DBAA&gpp_sid=2:0
[  278811ms] [ERROR] Failed to load resource: the server responded with a status of 403 () @ https://c1.adform.net/serving/cookie/match?party=29&gpp=DBAA&gpp_sid=2:0
[  284439ms] [ERROR] Failed to load resource: the server responded with a status of 403 () @ https://c1.adform.net/serving/cookie/match?party=29&gpp=DBAA&gpp_sid=2:0
[  284669ms] [ERROR] Failed to load resource: the server responded with a status of 403 () @ https://c1.adform.net/serving/cookie/match?party=29&gpp=DBAA&gpp_sid=2:0
[  314452ms] [ERROR] Failed to load resource: the server responded with a status of 403 () @ https://c1.adform.net/serving/cookie/match?party=29&gpp=DBAA&gpp_sid=2:0
[  314683ms] [ERROR] Failed to load resource: the server responded with a status of 403 () @ https://c1.adform.net/serving/cookie/match?party=29&gpp=DBAA&gpp_sid=2:0
[  338529ms] [ERROR] Failed to load resource: the server responded with a status of 403 () @ https://c1.adform.net/serving/cookie/match?party=29&gpp=DBAA&gpp_sid=2:0
[  338655ms] [DIR] SyntaxError @ https://js.ad-score.com/score.min.js?pid=1000943&tt=g:1
[  342959ms] [ERROR] Access to fetch at 'https://us-east.pgammedia.com/pbjs' from origin 'https://dzone.com' has been blocked by CORS policy: No 'Access-Control-Allow-Origin' header is present on the requested resource. @ https://dzone.com/articles/enterprise-architecture-in-ai:0
[  342959ms] [ERROR] Failed to load resource: net::ERR_FAILED @ https://us-east.pgammedia.com/pbjs:0
[   50860ms] [ERROR] Failed to load resource: net::ERR_CONNECTION_CLOSED @ https://cs.lkqd.net/cs?partnerId=59&redirect=https%3A%2F%2Fcm.g.doubleclick.net%2Fpixel%3Fgoogle_nid%3Dlkqd_dbm%26google_hm%3D%24%24rawlkqduserid%7Cbase64%24%24:0
[   51001ms] [ERROR] Failed to load resource: net::ERR_CONNECTION_CLOSED @ https://cs.lkqd.net/cs?partnerId=59&partnerUserId=CAESEBnipAqB64EwmfPMSdVGAoA&gpp=DBAA&gpp_sid=2&google_cver=1:0
[   63035ms] [ERROR] Failed to load resource: net::ERR_CONNECTION_CLOSED @ https://cs.lkqd.net/cs?partnerId=59&redirect=https%3A%2F%2Fcm.g.doubleclick.net%2Fpixel%3Fgoogle_nid%3Dlkqd_dbm%26google_hm%3D%24%24rawlkqduserid%7Cbase64%24%24:0
[   63185ms] [ERROR] Failed to load resource: net::ERR_CONNECTION_CLOSED @ https://cs.lkqd.net/cs?partnerId=59&partnerUserId=CAESEBnipAqB64EwmfPMSdVGAoA&gpp=DBAA&gpp_sid=2&google_cver=1:0
[  113087ms] [ERROR] Failed to load resource: net::ERR_CONNECTION_CLOSED @ https://sync.search.spotxchange.com/partner?adv_id=7025&gpp=DBAA&gpp_sid=2&redir=https%3A%2F%2Fcm.g.doubleclick.net%2Fpixel%3Fgoogle_nid%3Dspotxchange_dbm%26google_hm%3D%24SPOTX_BASE64_USER_ID:0
[  113297ms] [ERROR] Failed to load resource: net::ERR_CONNECTION_CLOSED @ https://sync.search.spotxchange.com/partner?adv_id=7025&gpp=DBAA&gpp_sid=2&uid=CAESEMnAxbEUbSEE-Jpg0Yr4wp8&google_cver=1:0
[  220830ms] [ERROR] Failed to load resource: net::ERR_TIMED_OUT @ https://ads.yieldmo.com/exptsync?partner_id=dv360&gpp=DBAA&gpp_sid=2:0
[  220957ms] [ERROR] Failed to load resource: net::ERR_TIMED_OUT @ https://ads.yieldmo.com/v000/sync?gpp=DBAA&gpp_sid=2&google_gid=CAESEGkyd1_B--QWM4e2VGAX-Lw&google_cver=1:0
[  234145ms] [ERROR] Failed to load resource: net::ERR_CONNECTION_CLOSED @ https://cookie-sync.api.soundcast.fm/v1/esync?url=https%3A%2F%2Fcm.g.doubleclick.net%2Fpixel%3Fgoogle_nid%3Dsoundcast_dbm%26google_hm%3D%24UID&gpp=DBAA&gpp_sid=2:0
[   50860ms] [ERROR] Failed to load resource: net::ERR_CONNECTION_CLOSED @ https://cs.lkqd.net/cs?partnerId=59&redirect=https%3A%2F%2Fcm.g.doubleclick.net%2Fpixel%3Fgoogle_nid%3Dlkqd_dbm%26google_hm%3D%24%24rawlkqduserid%7Cbase64%24%24:0
[   51001ms] [ERROR] Failed to load resource: net::ERR_CONNECTION_CLOSED @ https://cs.lkqd.net/cs?partnerId=59&partnerUserId=CAESEBnipAqB64EwmfPMSdVGAoA&gpp=DBAA&gpp_sid=2&google_cver=1:0
[   63035ms] [ERROR] Failed to load resource: net::ERR_CONNECTION_CLOSED @ https://cs.lkqd.net/cs?partnerId=59&redirect=https%3A%2F%2Fcm.g.doubleclick.net%2Fpixel%3Fgoogle_nid%3Dlkqd_dbm%26google_hm%3D%24%24rawlkqduserid%7Cbase64%24%24:0
[   63185ms] [ERROR] Failed to load resource: net::ERR_CONNECTION_CLOSED @ https://cs.lkqd.net/cs?partnerId=59&partnerUserId=CAESEBnipAqB64EwmfPMSdVGAoA&gpp=DBAA&gpp_sid=2&google_cver=1:0
[  113087ms] [ERROR] Failed to load resource: net::ERR_CONNECTION_CLOSED @ https://sync.search.spotxchange.com/partner?adv_id=7025&gpp=DBAA&gpp_sid=2&redir=https%3A%2F%2Fcm.g.doubleclick.net%2Fpixel%3Fgoogle_nid%3Dspotxchange_dbm%26google_hm%3D%24SPOTX_BASE64_USER_ID:0
[  113297ms] [ERROR] Failed to load resource: net::ERR_CONNECTION_CLOSED @ https://sync.search.spotxchange.com/partner?adv_id=7025&gpp=DBAA&gpp_sid=2&uid=CAESEMnAxbEUbSEE-Jpg0Yr4wp8&google_cver=1:0
[  220830ms] [ERROR] Failed to load resource: net::ERR_TIMED_OUT @ https://ads.yieldmo.com/exptsync?partner_id=dv360&gpp=DBAA&gpp_sid=2:0
[  220957ms] [ERROR] Failed to load resource: net::ERR_TIMED_OUT @ https://ads.yieldmo.com/v000/sync?gpp=DBAA&gpp_sid=2&google_gid=CAESEGkyd1_B--QWM4e2VGAX-Lw&google_cver=1:0
[  234145ms] [ERROR] Failed to load resource: net::ERR_CONNECTION_CLOSED @ https://cookie-sync.api.soundcast.fm/v1/esync?url=https%3A%2F%2Fcm.g.doubleclick.net%2Fpixel%3Fgoogle_nid%3Dsoundcast_dbm%26google_hm%3D%24UID&gpp=DBAA&gpp_sid=2:0
[  278790ms] [ERROR] Failed to load resource: the server responded with a status of 400 (Bad Request) @ https://cksync.yahoo.co.jp/sspsync?ptr=12703&google_gid=CAESEK8Md1hM9gOJACKvljzQCPw&google_cver=1&google_push=AeofssLirD3heUEkJoU_OtAJj3SPFcNIU2YPreQUQ5rIZnlrZfhOa5Y8oOSRBM0hV3OG5iYMfaqhAnFC0DDdtOlFJLw6oJh5XvF272vOibooWihboDQJY70nX_JrlC1C_wEW8DnrlmBb9B_uwJCDl_UpGJvu:0
[  278790ms] [ERROR] Failed to load resource: the server responded with a status of 400 (Bad Request) @ https://cksync.yahoo.co.jp/sspsync?ptr=12703&google_gid=CAESEK8Md1hM9gOJACKvljzQCPw&google_cver=1&google_push=AeofssLirD3heUEkJoU_OtAJj3SPFcNIU2YPreQUQ5rIZnlrZfhOa5Y8oOSRBM0hV3OG5iYMfaqhAnFC0DDdtOlFJLw6oJh5XvF272vOibooWihboDQJY70nX_JrlC1C_wEW8DnrlmBb9B_uwJCDl_UpGJvu:0
[    7757ms] [ERROR] Failed to load resource: the server responded with a status of 403 () @ https://c1.adform.net/serving/cookie/match?party=29&gpp=DBAA&gpp_sid=2:0
[   39360ms] [ERROR] Failed to load resource: the server responded with a status of 403 () @ https://c1.adform.net/serving/cookie/match?party=29&gpp=DBAA&gpp_sid=2:0
[   39511ms] [ERROR] Failed to load resource: net::ERR_TIMED_OUT @ https://t.adx.opera.com/pub/sync?pubid=pub10256699365696&userId=apisAhdaREUAGxdYAAoIuAAA%265378&gdpr=&us_privacy=&gdpr_consent=&gpp=&gpp_sid=:0
[   39558ms] [ERROR] Failed to load resource: the server responded with a status of 403 () @ https://c1.adform.net/serving/cookie/match?party=29&gpp=DBAA&gpp_sid=2:0
[   39790ms] [ERROR] Failed to load resource: the server responded with a status of 403 () @ https://c1.adform.net/serving/cookie/match?party=29&gpp=DBAA&gpp_sid=2:0
[   67908ms] [ERROR] Failed to load resource: net::ERR_TIMED_OUT @ https://t.adx.opera.com/pub/sync?pubid=pub10256699365696&userId=apisAhdaREUAGxdYAAoIuAAA%265378&gdpr=&us_privacy=&gdpr_consent=&gpp=DBAA&gpp_sid=2:0
[   69294ms] [ERROR] Failed to load resource: the server responded with a status of 403 () @ https://c1.adform.net/serving/cookie/match?party=29&gpp=DBAA&gpp_sid=2:0
[   69523ms] [ERROR] Failed to load resource: the server responded with a status of 403 () @ https://c1.adform.net/serving/cookie/match?party=29&gpp=DBAA&gpp_sid=2:0
[   69751ms] [ERROR] Failed to load resource: the server responded with a status of 403 () @ https://c1.adform.net/serving/cookie/match?party=29&gpp=DBAA&gpp_sid=2:0
[   89186ms] [ERROR] Failed to load resource: net::ERR_TIMED_OUT @ https://t.adx.opera.com/pub/sync?pubid=pub10256699365696&userId=apisAhdaREUAGxdYAAoIuAAA%265378&gdpr=&us_privacy=&gdpr_consent=&gpp=DBAA&gpp_sid=2:0
[   98554ms] [ERROR] Failed to load resource: the server responded with a status of 403 () @ https://c1.adform.net/serving/cookie/match?party=29&gpp=DBAA&gpp_sid=2:0
[  101199ms] [ERROR] Failed to load resource: the server responded with a status of 403 () @ https://c1.adform.net/serving/cookie/match?party=29&gpp=DBAA&gpp_sid=2:0
[  101428ms] [ERROR] Failed to load resource: the server responded with a status of 403 () @ https://c1.adform.net/serving/cookie/match?party=29&gpp=DBAA&gpp_sid=2:0
[  128660ms] [ERROR] Failed to load resource: the server responded with a status of 403 () @ https://c1.adform.net/serving/cookie/match?party=29&gpp=DBAA&gpp_sid=2:0
[  131196ms] [ERROR] Failed to load resource: the server responded with a status of 403 () @ https://c1.adform.net/serving/cookie/match?party=29&gpp=DBAA&gpp_sid=2:0
[  131423ms] [ERROR] Failed to load resource: the server responded with a status of 403 () @ https://c1.adform.net/serving/cookie/match?party=29&gpp=DBAA&gpp_sid=2:0
[  151076ms] [ERROR] Failed to load resource: net::ERR_TIMED_OUT @ https://t.adx.opera.com/pub/sync?pubid=pub10256699365696&userId=apisAhdaREUAGxdYAAoIuAAA%265378&gdpr=&us_privacy=&gdpr_consent=&gpp=DBAA&gpp_sid=2:0
[  151233ms] [ERROR] Failed to load resource: net::ERR_TIMED_OUT @ https://t.adx.opera.com/pub/sync?pubid=pub10256699365696&userId=apisAhdaREUAGxdYAAoIuAAA%265378&gdpr=&us_privacy=&gdpr_consent=&gpp=DBAA&gpp_sid=2:0
[  158482ms] [ERROR] Failed to load resource: net::ERR_TIMED_OUT @ https://t.adx.opera.com/pub/sync?pubid=pub10256699365696&userId=apisAhdaREUAGxdYAAoIuAAA%265378&gdpr=&us_privacy=&gdpr_consent=&gpp=DBAA&gpp_sid=2:0
[  158658ms] [ERROR] Failed to load resource: the server responded with a status of 403 () @ https://c1.adform.net/serving/cookie/match?party=29&gpp=DBAA&gpp_sid=2:0
[  161278ms] [ERROR] Failed to load resource: the server responded with a status of 403 () @ https://c1.adform.net/serving/cookie/match?party=29&gpp=DBAA&gpp_sid=2:0
[  161506ms] [ERROR] Failed to load resource: the server responded with a status of 403 () @ https://c1.adform.net/serving/cookie/match?party=29&gpp=DBAA&gpp_sid=2:0
[  181029ms] [ERROR] Failed to load resource: net::ERR_TIMED_OUT @ https://t.adx.opera.com/pub/sync?pubid=pub10256699365696&userId=apisAhdaREUAGxdYAAoIuAAA%265378&gdpr=&us_privacy=&gdpr_consent=&gpp=DBAA&gpp_sid=2:0
[  181079ms] [ERROR] Failed to load resource: net::ERR_TIMED_OUT @ https://t.adx.opera.com/pub/sync?pubid=pub10256699365696&userId=apisAhdaREUAGxdYAAoIuAAA%265378&gdpr=&us_privacy=&gdpr_consent=&gpp=DBAA&gpp_sid=2:0
[  188485ms] [ERROR] Failed to load resource: net::ERR_TIMED_OUT @ https://t.adx.opera.com/pub/sync?pubid=pub10256699365696&userId=apisAhdaREUAGxdYAAoIuAAA%265378&gdpr=&us_privacy=&gdpr_consent=&gpp=DBAA&gpp_sid=2:0
[  188622ms] [ERROR] Failed to load resource: the server responded with a status of 403 () @ https://c1.adform.net/serving/cookie/match?party=29&gpp=DBAA&gpp_sid=2:0
[  191048ms] [ERROR] Failed to load resource: the server responded with a status of 403 () @ https://c1.adform.net/serving/cookie/match?party=29&gpp=DBAA&gpp_sid=2:0
[  191277ms] [ERROR] Failed to load resource: the server responded with a status of 403 () @ https://c1.adform.net/serving/cookie/match?party=29&gpp=DBAA&gpp_sid=2:0
[  211036ms] [ERROR] Failed to load resource: net::ERR_TIMED_OUT @ https://t.adx.opera.com/pub/sync?pubid=pub10256699365696&userId=apisAhdaREUAGxdYAAoIuAAA%265378&gdpr=&us_privacy=&gdpr_consent=&gpp=DBAA&gpp_sid=2:0
[  211083ms] [ERROR] Failed to load resource: net::ERR_TIMED_OUT @ https://t.adx.opera.com/pub/sync?pubid=pub10256699365696&userId=apisAhdaREUAGxdYAAoIuAAA%265378&gdpr=&us_privacy=&gdpr_consent=&gpp=DBAA&gpp_sid=2:0
[  218489ms] [ERROR] Failed to load resource: net::ERR_TIMED_OUT @ https://t.adx.opera.com/pub/sync?pubid=pub10256699365696&userId=apisAhdaREUAGxdYAAoIuAAA%265378&gdpr=&us_privacy=&gdpr_consent=&gpp=DBAA&gpp_sid=2:0
[  218537ms] [ERROR] Failed to load resource: the server responded with a status of 403 () @ https://c1.adform.net/serving/cookie/match?party=29&gpp=DBAA&gpp_sid=2:0
[  222329ms] [ERROR] Failed to load resource: the server responded with a status of 403 () @ https://c1.adform.net/serving/cookie/match?party=29&gpp=DBAA&gpp_sid=2:0
[  222559ms] [ERROR] Failed to load resource: the server responded with a status of 403 () @ https://c1.adform.net/serving/cookie/match?party=29&gpp=DBAA&gpp_sid=2:0
[  240877ms] [ERROR] Failed to load resource: net::ERR_TIMED_OUT @ https://t.adx.opera.com/pub/sync?pubid=pub10256699365696&userId=apisAhdaREUAGxdYAAoIuAAA%265378&gdpr=&us_privacy=&gdpr_consent=&gpp=DBAA&gpp_sid=2:0
[  241038ms] [ERROR] Failed to load resource: net::ERR_TIMED_OUT @ https://t.adx.opera.com/pub/sync?pubid=pub10256699365696&userId=apisAhdaREUAGxdYAAoIuAAA%265378&gdpr=&us_privacy=&gdpr_consent=&gpp=DBAA&gpp_sid=2:0
[  248492ms] [ERROR] Failed to load resource: net::ERR_TIMED_OUT @ https://t.adx.opera.com/pub/sync?pubid=pub10256699365696&userId=apisAhdaREUAGxdYAAoIuAAA%265378&gdpr=&us_privacy=&gdpr_consent=&gpp=DBAA&gpp_sid=2:0
[  254385ms] [ERROR] Failed to load resource: the server responded with a status of 403 () @ https://c1.adform.net/serving/cookie/match?party=29&gpp=DBAA&gpp_sid=2:0
[  254619ms] [ERROR] Failed to load resource: the server responded with a status of 403 () @ https://c1.adform.net/serving/cookie/match?party=29&gpp=DBAA&gpp_sid=2:0
[  278811ms] [ERROR] Failed to load resource: the server responded with a status of 403 () @ https://c1.adform.net/serving/cookie/match?party=29&gpp=DBAA&gpp_sid=2:0
[  284439ms] [ERROR] Failed to load resource: the server responded with a status of 403 () @ https://c1.adform.net/serving/cookie/match?party=29&gpp=DBAA&gpp_sid=2:0
[  284669ms] [ERROR] Failed to load resource: the server responded with a status of 403 () @ https://c1.adform.net/serving/cookie/match?party=29&gpp=DBAA&gpp_sid=2:0
[  314452ms] [ERROR] Failed to load resource: the server responded with a status of 403 () @ https://c1.adform.net/serving/cookie/match?party=29&gpp=DBAA&gpp_sid=2:0
[  314683ms] [ERROR] Failed to load resource: the server responded with a status of 403 () @ https://c1.adform.net/serving/cookie/match?party=29&gpp=DBAA&gpp_sid=2:0
[  338529ms] [ERROR] Failed to load resource: the server responded with a status of 403 () @ https://c1.adform.net/serving/cookie/match?party=29&gpp=DBAA&gpp_sid=2:0
[    7757ms] [ERROR] Failed to load resource: the server responded with a status of 403 () @ https://c1.adform.net/serving/cookie/match?party=29&gpp=DBAA&gpp_sid=2:0
[   39360ms] [ERROR] Failed to load resource: the server responded with a status of 403 () @ https://c1.adform.net/serving/cookie/match?party=29&gpp=DBAA&gpp_sid=2:0
[   39511ms] [ERROR] Failed to load resource: net::ERR_TIMED_OUT @ https://t.adx.opera.com/pub/sync?pubid=pub10256699365696&userId=apisAhdaREUAGxdYAAoIuAAA%265378&gdpr=&us_privacy=&gdpr_consent=&gpp=&gpp_sid=:0
[   39558ms] [ERROR] Failed to load resource: the server responded with a status of 403 () @ https://c1.adform.net/serving/cookie/match?party=29&gpp=DBAA&gpp_sid=2:0
[   39790ms] [ERROR] Failed to load resource: the server responded with a status of 403 () @ https://c1.adform.net/serving/cookie/match?party=29&gpp=DBAA&gpp_sid=2:0
[   67908ms] [ERROR] Failed to load resource: net::ERR_TIMED_OUT @ https://t.adx.opera.com/pub/sync?pubid=pub10256699365696&userId=apisAhdaREUAGxdYAAoIuAAA%265378&gdpr=&us_privacy=&gdpr_consent=&gpp=DBAA&gpp_sid=2:0
[   69294ms] [ERROR] Failed to load resource: the server responded with a status of 403 () @ https://c1.adform.net/serving/cookie/match?party=29&gpp=DBAA&gpp_sid=2:0
[   69523ms] [ERROR] Failed to load resource: the server responded with a status of 403 () @ https://c1.adform.net/serving/cookie/match?party=29&gpp=DBAA&gpp_sid=2:0
[   69751ms] [ERROR] Failed to load resource: the server responded with a status of 403 () @ https://c1.adform.net/serving/cookie/match?party=29&gpp=DBAA&gpp_sid=2:0
[   89186ms] [ERROR] Failed to load resource: net::ERR_TIMED_OUT @ https://t.adx.opera.com/pub/sync?pubid=pub10256699365696&userId=apisAhdaREUAGxdYAAoIuAAA%265378&gdpr=&us_privacy=&gdpr_consent=&gpp=DBAA&gpp_sid=2:0
[   98554ms] [ERROR] Failed to load resource: the server responded with a status of 403 () @ https://c1.adform.net/serving/cookie/match?party=29&gpp=DBAA&gpp_sid=2:0
[  101199ms] [ERROR] Failed to load resource: the server responded with a status of 403 () @ https://c1.adform.net/serving/cookie/match?party=29&gpp=DBAA&gpp_sid=2:0
[  101428ms] [ERROR] Failed to load resource: the server responded with a status of 403 () @ https://c1.adform.net/serving/cookie/match?party=29&gpp=DBAA&gpp_sid=2:0
[  128660ms] [ERROR] Failed to load resource: the server responded with a status of 403 () @ https://c1.adform.net/serving/cookie/match?party=29&gpp=DBAA&gpp_sid=2:0
[  131196ms] [ERROR] Failed to load resource: the server responded with a status of 403 () @ https://c1.adform.net/serving/cookie/match?party=29&gpp=DBAA&gpp_sid=2:0
[  131423ms] [ERROR] Failed to load resource: the server responded with a status of 403 () @ https://c1.adform.net/serving/cookie/match?party=29&gpp=DBAA&gpp_sid=2:0
[  151076ms] [ERROR] Failed to load resource: net::ERR_TIMED_OUT @ https://t.adx.opera.com/pub/sync?pubid=pub10256699365696&userId=apisAhdaREUAGxdYAAoIuAAA%265378&gdpr=&us_privacy=&gdpr_consent=&gpp=DBAA&gpp_sid=2:0
[  151233ms] [ERROR] Failed to load resource: net::ERR_TIMED_OUT @ https://t.adx.opera.com/pub/sync?pubid=pub10256699365696&userId=apisAhdaREUAGxdYAAoIuAAA%265378&gdpr=&us_privacy=&gdpr_consent=&gpp=DBAA&gpp_sid=2:0
[  158482ms] [ERROR] Failed to load resource: net::ERR_TIMED_OUT @ https://t.adx.opera.com/pub/sync?pubid=pub10256699365696&userId=apisAhdaREUAGxdYAAoIuAAA%265378&gdpr=&us_privacy=&gdpr_consent=&gpp=DBAA&gpp_sid=2:0
[  158658ms] [ERROR] Failed to load resource: the server responded with a status of 403 () @ https://c1.adform.net/serving/cookie/match?party=29&gpp=DBAA&gpp_sid=2:0
[  161278ms] [ERROR] Failed to load resource: the server responded with a status of 403 () @ https://c1.adform.net/serving/cookie/match?party=29&gpp=DBAA&gpp_sid=2:0
[  161506ms] [ERROR] Failed to load resource: the server responded with a status of 403 () @ https://c1.adform.net/serving/cookie/match?party=29&gpp=DBAA&gpp_sid=2:0
[  181029ms] [ERROR] Failed to load resource: net::ERR_TIMED_OUT @ https://t.adx.opera.com/pub/sync?pubid=pub10256699365696&userId=apisAhdaREUAGxdYAAoIuAAA%265378&gdpr=&us_privacy=&gdpr_consent=&gpp=DBAA&gpp_sid=2:0
[  181079ms] [ERROR] Failed to load resource: net::ERR_TIMED_OUT @ https://t.adx.opera.com/pub/sync?pubid=pub10256699365696&userId=apisAhdaREUAGxdYAAoIuAAA%265378&gdpr=&us_privacy=&gdpr_consent=&gpp=DBAA&gpp_sid=2:0
[  188485ms] [ERROR] Failed to load resource: net::ERR_TIMED_OUT @ https://t.adx.opera.com/pub/sync?pubid=pub10256699365696&userId=apisAhdaREUAGxdYAAoIuAAA%265378&gdpr=&us_privacy=&gdpr_consent=&gpp=DBAA&gpp_sid=2:0
[  188622ms] [ERROR] Failed to load resource: the server responded with a status of 403 () @ https://c1.adform.net/serving/cookie/match?party=29&gpp=DBAA&gpp_sid=2:0
[  191048ms] [ERROR] Failed to load resource: the server responded with a status of 403 () @ https://c1.adform.net/serving/cookie/match?party=29&gpp=DBAA&gpp_sid=2:0
[  191277ms] [ERROR] Failed to load resource: the server responded with a status of 403 () @ https://c1.adform.net/serving/cookie/match?party=29&gpp=DBAA&gpp_sid=2:0
[  211036ms] [ERROR] Failed to load resource: net::ERR_TIMED_OUT @ https://t.adx.opera.com/pub/sync?pubid=pub10256699365696&userId=apisAhdaREUAGxdYAAoIuAAA%265378&gdpr=&us_privacy=&gdpr_consent=&gpp=DBAA&gpp_sid=2:0
[  211083ms] [ERROR] Failed to load resource: net::ERR_TIMED_OUT @ https://t.adx.opera.com/pub/sync?pubid=pub10256699365696&userId=apisAhdaREUAGxdYAAoIuAAA%265378&gdpr=&us_privacy=&gdpr_consent=&gpp=DBAA&gpp_sid=2:0
[  218489ms] [ERROR] Failed to load resource: net::ERR_TIMED_OUT @ https://t.adx.opera.com/pub/sync?pubid=pub10256699365696&userId=apisAhdaREUAGxdYAAoIuAAA%265378&gdpr=&us_privacy=&gdpr_consent=&gpp=DBAA&gpp_sid=2:0
[  218537ms] [ERROR] Failed to load resource: the server responded with a status of 403 () @ https://c1.adform.net/serving/cookie/match?party=29&gpp=DBAA&gpp_sid=2:0
[  222329ms] [ERROR] Failed to load resource: the server responded with a status of 403 () @ https://c1.adform.net/serving/cookie/match?party=29&gpp=DBAA&gpp_sid=2:0
[  222559ms] [ERROR] Failed to load resource: the server responded with a status of 403 () @ https://c1.adform.net/serving/cookie/match?party=29&gpp=DBAA&gpp_sid=2:0
[  240877ms] [ERROR] Failed to load resource: net::ERR_TIMED_OUT @ https://t.adx.opera.com/pub/sync?pubid=pub10256699365696&userId=apisAhdaREUAGxdYAAoIuAAA%265378&gdpr=&us_privacy=&gdpr_consent=&gpp=DBAA&gpp_sid=2:0
[  241038ms] [ERROR] Failed to load resource: net::ERR_TIMED_OUT @ https://t.adx.opera.com/pub/sync?pubid=pub10256699365696&userId=apisAhdaREUAGxdYAAoIuAAA%265378&gdpr=&us_privacy=&gdpr_consent=&gpp=DBAA&gpp_sid=2:0
[  248492ms] [ERROR] Failed to load resource: net::ERR_TIMED_OUT @ https://t.adx.opera.com/pub/sync?pubid=pub10256699365696&userId=apisAhdaREUAGxdYAAoIuAAA%265378&gdpr=&us_privacy=&gdpr_consent=&gpp=DBAA&gpp_sid=2:0
[  254385ms] [ERROR] Failed to load resource: the server responded with a status of 403 () @ https://c1.adform.net/serving/cookie/match?party=29&gpp=DBAA&gpp_sid=2:0
[  254619ms] [ERROR] Failed to load resource: the server responded with a status of 403 () @ https://c1.adform.net/serving/cookie/match?party=29&gpp=DBAA&gpp_sid=2:0
[  278811ms] [ERROR] Failed to load resource: the server responded with a status of 403 () @ https://c1.adform.net/serving/cookie/match?party=29&gpp=DBAA&gpp_sid=2:0
[  284439ms] [ERROR] Failed to load resource: the server responded with a status of 403 () @ https://c1.adform.net/serving/cookie/match?party=29&gpp=DBAA&gpp_sid=2:0
[  284669ms] [ERROR] Failed to load resource: the server responded with a status of 403 () @ https://c1.adform.net/serving/cookie/match?party=29&gpp=DBAA&gpp_sid=2:0
[  314452ms] [ERROR] Failed to load resource: the server responded with a status of 403 () @ https://c1.adform.net/serving/cookie/match?party=29&gpp=DBAA&gpp_sid=2:0
[  314683ms] [ERROR] Failed to load resource: the server responded with a status of 403 () @ https://c1.adform.net/serving/cookie/match?party=29&gpp=DBAA&gpp_sid=2:0
[  338529ms] [ERROR] Failed to load resource: the server responded with a status of 403 () @ https://c1.adform.net/serving/cookie/match?party=29&gpp=DBAA&gpp_sid=2:0
[  344517ms] [ERROR] Failed to load resource: the server responded with a status of 403 () @ https://c1.adform.net/serving/cookie/match?party=29&gpp=DBAA&gpp_sid=2:0
[  344610ms] [DIR] SyntaxError @ https://js.ad-score.com/score.min.js?pid=1000943&tt=g:1
[  344744ms] [ERROR] Failed to load resource: the server responded with a status of 403 () @ https://c1.adform.net/serving/cookie/match?party=29&gpp=DBAA&gpp_sid=2:0
[  345005ms] [DIR] SyntaxError @ https://js.ad-score.com/score.min.js?pid=1000943&tt=g:1
[  356414ms] [WARNING] The resource https://dz2cdn1.dzone.com/themes/dz20/ftl/animations.css was preloaded using link preload but not used within a few seconds from the window's load event. Please make sure it has an appropriate `as` value and it is preloaded intentionally. @ https://dzone.com/articles/enterprise-architecture-in-ai:0
[  356414ms] [WARNING] The resource https://dz2cdn1.dzone.com/themes/dz20/ftl/tagging/styles.css was preloaded using link preload but not used within a few seconds from the window's load event. Please make sure it has an appropriate `as` value and it is preloaded intentionally. @ https://dzone.com/articles/enterprise-architecture-in-ai:0
[  362462ms] [WARNING] The resource https://dz2cdn1.dzone.com/themes/dz20/ftl/animations.css was preloaded using link preload but not used within a few seconds from the window's load event. Please make sure it has an appropriate `as` value and it is preloaded intentionally. @ https://dzone.com/articles/enterprise-architecture-in-ai:0
[  362462ms] [WARNING] The resource https://dz2cdn1.dzone.com/themes/dz20/ftl/tagging/styles.css was preloaded using link preload but not used within a few seconds from the window's load event. Please make sure it has an appropriate `as` value and it is preloaded intentionally. @ https://dzone.com/articles/enterprise-architecture-in-ai:0
[   50860ms] [ERROR] Failed to load resource: net::ERR_CONNECTION_CLOSED @ https://cs.lkqd.net/cs?partnerId=59&redirect=https%3A%2F%2Fcm.g.doubleclick.net%2Fpixel%3Fgoogle_nid%3Dlkqd_dbm%26google_hm%3D%24%24rawlkqduserid%7Cbase64%24%24:0
[   51001ms] [ERROR] Failed to load resource: net::ERR_CONNECTION_CLOSED @ https://cs.lkqd.net/cs?partnerId=59&partnerUserId=CAESEBnipAqB64EwmfPMSdVGAoA&gpp=DBAA&gpp_sid=2&google_cver=1:0
[   63035ms] [ERROR] Failed to load resource: net::ERR_CONNECTION_CLOSED @ https://cs.lkqd.net/cs?partnerId=59&redirect=https%3A%2F%2Fcm.g.doubleclick.net%2Fpixel%3Fgoogle_nid%3Dlkqd_dbm%26google_hm%3D%24%24rawlkqduserid%7Cbase64%24%24:0
[   63185ms] [ERROR] Failed to load resource: net::ERR_CONNECTION_CLOSED @ https://cs.lkqd.net/cs?partnerId=59&partnerUserId=CAESEBnipAqB64EwmfPMSdVGAoA&gpp=DBAA&gpp_sid=2&google_cver=1:0
[  113087ms] [ERROR] Failed to load resource: net::ERR_CONNECTION_CLOSED @ https://sync.search.spotxchange.com/partner?adv_id=7025&gpp=DBAA&gpp_sid=2&redir=https%3A%2F%2Fcm.g.doubleclick.net%2Fpixel%3Fgoogle_nid%3Dspotxchange_dbm%26google_hm%3D%24SPOTX_BASE64_USER_ID:0
[  113297ms] [ERROR] Failed to load resource: net::ERR_CONNECTION_CLOSED @ https://sync.search.spotxchange.com/partner?adv_id=7025&gpp=DBAA&gpp_sid=2&uid=CAESEMnAxbEUbSEE-Jpg0Yr4wp8&google_cver=1:0
[  220830ms] [ERROR] Failed to load resource: net::ERR_TIMED_OUT @ https://ads.yieldmo.com/exptsync?partner_id=dv360&gpp=DBAA&gpp_sid=2:0
[  220957ms] [ERROR] Failed to load resource: net::ERR_TIMED_OUT @ https://ads.yieldmo.com/v000/sync?gpp=DBAA&gpp_sid=2&google_gid=CAESEGkyd1_B--QWM4e2VGAX-Lw&google_cver=1:0
[  234145ms] [ERROR] Failed to load resource: net::ERR_CONNECTION_CLOSED @ https://cookie-sync.api.soundcast.fm/v1/esync?url=https%3A%2F%2Fcm.g.doubleclick.net%2Fpixel%3Fgoogle_nid%3Dsoundcast_dbm%26google_hm%3D%24UID&gpp=DBAA&gpp_sid=2:0
[  278790ms] [ERROR] Failed to load resource: the server responded with a status of 400 (Bad Request) @ https://cksync.yahoo.co.jp/sspsync?ptr=12703&google_gid=CAESEK8Md1hM9gOJACKvljzQCPw&google_cver=1&google_push=AeofssLirD3heUEkJoU_OtAJj3SPFcNIU2YPreQUQ5rIZnlrZfhOa5Y8oOSRBM0hV3OG5iYMfaqhAnFC0DDdtOlFJLw6oJh5XvF272vOibooWihboDQJY70nX_JrlC1C_wEW8DnrlmBb9B_uwJCDl_UpGJvu:0
[    7757ms] [ERROR] Failed to load resource: the server responded with a status of 403 () @ https://c1.adform.net/serving/cookie/match?party=29&gpp=DBAA&gpp_sid=2:0
[   39360ms] [ERROR] Failed to load resource: the server responded with a status of 403 () @ https://c1.adform.net/serving/cookie/match?party=29&gpp=DBAA&gpp_sid=2:0
[   39511ms] [ERROR] Failed to load resource: net::ERR_TIMED_OUT @ https://t.adx.opera.com/pub/sync?pubid=pub10256699365696&userId=apisAhdaREUAGxdYAAoIuAAA%265378&gdpr=&us_privacy=&gdpr_consent=&gpp=&gpp_sid=:0
[   39558ms] [ERROR] Failed to load resource: the server responded with a status of 403 () @ https://c1.adform.net/serving/cookie/match?party=29&gpp=DBAA&gpp_sid=2:0
[   39790ms] [ERROR] Failed to load resource: the server responded with a status of 403 () @ https://c1.adform.net/serving/cookie/match?party=29&gpp=DBAA&gpp_sid=2:0
[   67908ms] [ERROR] Failed to load resource: net::ERR_TIMED_OUT @ https://t.adx.opera.com/pub/sync?pubid=pub10256699365696&userId=apisAhdaREUAGxdYAAoIuAAA%265378&gdpr=&us_privacy=&gdpr_consent=&gpp=DBAA&gpp_sid=2:0
[   69294ms] [ERROR] Failed to load resource: the server responded with a status of 403 () @ https://c1.adform.net/serving/cookie/match?party=29&gpp=DBAA&gpp_sid=2:0
[   69523ms] [ERROR] Failed to load resource: the server responded with a status of 403 () @ https://c1.adform.net/serving/cookie/match?party=29&gpp=DBAA&gpp_sid=2:0
[   69751ms] [ERROR] Failed to load resource: the server responded with a status of 403 () @ https://c1.adform.net/serving/cookie/match?party=29&gpp=DBAA&gpp_sid=2:0
[   89186ms] [ERROR] Failed to load resource: net::ERR_TIMED_OUT @ https://t.adx.opera.com/pub/sync?pubid=pub10256699365696&userId=apisAhdaREUAGxdYAAoIuAAA%265378&gdpr=&us_privacy=&gdpr_consent=&gpp=DBAA&gpp_sid=2:0
[   98554ms] [ERROR] Failed to load resource: the server responded with a status of 403 () @ https://c1.adform.net/serving/cookie/match?party=29&gpp=DBAA&gpp_sid=2:0
[  101199ms] [ERROR] Failed to load resource: the server responded with a status of 403 () @ https://c1.adform.net/serving/cookie/match?party=29&gpp=DBAA&gpp_sid=2:0
[  101428ms] [ERROR] Failed to load resource: the server responded with a status of 403 () @ https://c1.adform.net/serving/cookie/match?party=29&gpp=DBAA&gpp_sid=2:0
[  128660ms] [ERROR] Failed to load resource: the server responded with a status of 403 () @ https://c1.adform.net/serving/cookie/match?party=29&gpp=DBAA&gpp_sid=2:0
[  131196ms] [ERROR] Failed to load resource: the server responded with a status of 403 () @ https://c1.adform.net/serving/cookie/match?party=29&gpp=DBAA&gpp_sid=2:0
[  131423ms] [ERROR] Failed to load resource: the server responded with a status of 403 () @ https://c1.adform.net/serving/cookie/match?party=29&gpp=DBAA&gpp_sid=2:0
[  151076ms] [ERROR] Failed to load resource: net::ERR_TIMED_OUT @ https://t.adx.opera.com/pub/sync?pubid=pub10256699365696&userId=apisAhdaREUAGxdYAAoIuAAA%265378&gdpr=&us_privacy=&gdpr_consent=&gpp=DBAA&gpp_sid=2:0
[  151233ms] [ERROR] Failed to load resource: net::ERR_TIMED_OUT @ https://t.adx.opera.com/pub/sync?pubid=pub10256699365696&userId=apisAhdaREUAGxdYAAoIuAAA%265378&gdpr=&us_privacy=&gdpr_consent=&gpp=DBAA&gpp_sid=2:0
[  158482ms] [ERROR] Failed to load resource: net::ERR_TIMED_OUT @ https://t.adx.opera.com/pub/sync?pubid=pub10256699365696&userId=apisAhdaREUAGxdYAAoIuAAA%265378&gdpr=&us_privacy=&gdpr_consent=&gpp=DBAA&gpp_sid=2:0
[  158658ms] [ERROR] Failed to load resource: the server responded with a status of 403 () @ https://c1.adform.net/serving/cookie/match?party=29&gpp=DBAA&gpp_sid=2:0
[  161278ms] [ERROR] Failed to load resource: the server responded with a status of 403 () @ https://c1.adform.net/serving/cookie/match?party=29&gpp=DBAA&gpp_sid=2:0
[  161506ms] [ERROR] Failed to load resource: the server responded with a status of 403 () @ https://c1.adform.net/serving/cookie/match?party=29&gpp=DBAA&gpp_sid=2:0
[  181029ms] [ERROR] Failed to load resource: net::ERR_TIMED_OUT @ https://t.adx.opera.com/pub/sync?pubid=pub10256699365696&userId=apisAhdaREUAGxdYAAoIuAAA%265378&gdpr=&us_privacy=&gdpr_consent=&gpp=DBAA&gpp_sid=2:0
[  181079ms] [ERROR] Failed to load resource: net::ERR_TIMED_OUT @ https://t.adx.opera.com/pub/sync?pubid=pub10256699365696&userId=apisAhdaREUAGxdYAAoIuAAA%265378&gdpr=&us_privacy=&gdpr_consent=&gpp=DBAA&gpp_sid=2:0
[  188485ms] [ERROR] Failed to load resource: net::ERR_TIMED_OUT @ https://t.adx.opera.com/pub/sync?pubid=pub10256699365696&userId=apisAhdaREUAGxdYAAoIuAAA%265378&gdpr=&us_privacy=&gdpr_consent=&gpp=DBAA&gpp_sid=2:0
[  188622ms] [ERROR] Failed to load resource: the server responded with a status of 403 () @ https://c1.adform.net/serving/cookie/match?party=29&gpp=DBAA&gpp_sid=2:0
[  191048ms] [ERROR] Failed to load resource: the server responded with a status of 403 () @ https://c1.adform.net/serving/cookie/match?party=29&gpp=DBAA&gpp_sid=2:0
[  191277ms] [ERROR] Failed to load resource: the server responded with a status of 403 () @ https://c1.adform.net/serving/cookie/match?party=29&gpp=DBAA&gpp_sid=2:0
[  211036ms] [ERROR] Failed to load resource: net::ERR_TIMED_OUT @ https://t.adx.opera.com/pub/sync?pubid=pub10256699365696&userId=apisAhdaREUAGxdYAAoIuAAA%265378&gdpr=&us_privacy=&gdpr_consent=&gpp=DBAA&gpp_sid=2:0
[  211083ms] [ERROR] Failed to load resource: net::ERR_TIMED_OUT @ https://t.adx.opera.com/pub/sync?pubid=pub10256699365696&userId=apisAhdaREUAGxdYAAoIuAAA%265378&gdpr=&us_privacy=&gdpr_consent=&gpp=DBAA&gpp_sid=2:0
[  218489ms] [ERROR] Failed to load resource: net::ERR_TIMED_OUT @ https://t.adx.opera.com/pub/sync?pubid=pub10256699365696&userId=apisAhdaREUAGxdYAAoIuAAA%265378&gdpr=&us_privacy=&gdpr_consent=&gpp=DBAA&gpp_sid=2:0
[  218537ms] [ERROR] Failed to load resource: the server responded with a status of 403 () @ https://c1.adform.net/serving/cookie/match?party=29&gpp=DBAA&gpp_sid=2:0
[  222329ms] [ERROR] Failed to load resource: the server responded with a status of 403 () @ https://c1.adform.net/serving/cookie/match?party=29&gpp=DBAA&gpp_sid=2:0
[  222559ms] [ERROR] Failed to load resource: the server responded with a status of 403 () @ https://c1.adform.net/serving/cookie/match?party=29&gpp=DBAA&gpp_sid=2:0
[  240877ms] [ERROR] Failed to load resource: net::ERR_TIMED_OUT @ https://t.adx.opera.com/pub/sync?pubid=pub10256699365696&userId=apisAhdaREUAGxdYAAoIuAAA%265378&gdpr=&us_privacy=&gdpr_consent=&gpp=DBAA&gpp_sid=2:0
[  241038ms] [ERROR] Failed to load resource: net::ERR_TIMED_OUT @ https://t.adx.opera.com/pub/sync?pubid=pub10256699365696&userId=apisAhdaREUAGxdYAAoIuAAA%265378&gdpr=&us_privacy=&gdpr_consent=&gpp=DBAA&gpp_sid=2:0
[  248492ms] [ERROR] Failed to load resource: net::ERR_TIMED_OUT @ https://t.adx.opera.com/pub/sync?pubid=pub10256699365696&userId=apisAhdaREUAGxdYAAoIuAAA%265378&gdpr=&us_privacy=&gdpr_consent=&gpp=DBAA&gpp_sid=2:0
[  254385ms] [ERROR] Failed to load resource: the server responded with a status of 403 () @ https://c1.adform.net/serving/cookie/match?party=29&gpp=DBAA&gpp_sid=2:0
[  254619ms] [ERROR] Failed to load resource: the server responded with a status of 403 () @ https://c1.adform.net/serving/cookie/match?party=29&gpp=DBAA&gpp_sid=2:0
[  278811ms] [ERROR] Failed to load resource: the server responded with a status of 403 () @ https://c1.adform.net/serving/cookie/match?party=29&gpp=DBAA&gpp_sid=2:0
[  284439ms] [ERROR] Failed to load resource: the server responded with a status of 403 () @ https://c1.adform.net/serving/cookie/match?party=29&gpp=DBAA&gpp_sid=2:0
[  284669ms] [ERROR] Failed to load resource: the server responded with a status of 403 () @ https://c1.adform.net/serving/cookie/match?party=29&gpp=DBAA&gpp_sid=2:0
[  314452ms] [ERROR] Failed to load resource: the server responded with a status of 403 () @ https://c1.adform.net/serving/cookie/match?party=29&gpp=DBAA&gpp_sid=2:0
[  314683ms] [ERROR] Failed to load resource: the server responded with a status of 403 () @ https://c1.adform.net/serving/cookie/match?party=29&gpp=DBAA&gpp_sid=2:0
[  338529ms] [ERROR] Failed to load resource: the server responded with a status of 403 () @ https://c1.adform.net/serving/cookie/match?party=29&gpp=DBAA&gpp_sid=2:0
[  344517ms] [ERROR] Failed to load resource: the server responded with a status of 403 () @ https://c1.adform.net/serving/cookie/match?party=29&gpp=DBAA&gpp_sid=2:0
[  344744ms] [ERROR] Failed to load resource: the server responded with a status of 403 () @ https://c1.adform.net/serving/cookie/match?party=29&gpp=DBAA&gpp_sid=2:0
[  368522ms] [ERROR] Failed to load resource: the server responded with a status of 403 () @ https://c1.adform.net/serving/cookie/match?party=29&gpp=DBAA&gpp_sid=2:0
[  368655ms] [DIR] SyntaxError @ https://js.ad-score.com/score.min.js?pid=1000943&tt=g:1
